isbn,Charlie,1/2/2020,1/12/2020
9781509858637,Freya,1/5/2020,2/12/2020
9780141033570,Alice,1/1/2020,10/5/2020
9781784701994,Bob,1/7/2020,2/12/2020
9781845298258,Alice,1/2/2020,2/12/2020
9781846041242,Gaston,1/4/2020,3/5/2020
9780330523622,Alice,1/1/2020,10/5/2020
9781780722405,Charlie,1/3/2020,2/12/2020
9781780723044,Hercules,1/3/2020,2/12/2020
9780241351642,David,1/5/2020,3/5/2020
9781846685828,Charlie,1/5/2020,2/2/2020
9781925228601,Freya,1/6/2020,10/5/2020
9780141038872,Freya,1/5/2020,2/12/2020
9781401954406,Freya,1/2/2020,2/2/2020
9780141976143,Charlie,1/2/2020,1/12/2020
9780241351635,Charlie,1/4/2020,2/2/2020
9780141988511,Hercules,1/6/2020,2/12/2020
9780954852023,David,1/6/2020,2/12/2020
9781401948368,Charlie,1/3/2020,2/2/2020
9780761169253,Gaston,1/3/2020,10/5/2020
9781611800586,Hercules,1/4/2020,10/5/2020
9781509852505,Elsa,1/4/2020,10/5/2020
9781780338378,Gaston,1/2/2020,10/5/2020
9780091922146,David,1/4/2020,2/12/2020
9780890425558,David,1/1/2020,3/5/2020
9781401957650,David,1/7/2020,2/12/2020
9780241250990,David,1/4/2020,1/12/2020
9781433805615,David,1/3/2020,2/12/2020
9781451695199,Bob,1/7/2020,2/12/2020
9780330533447,Gaston,1/3/2020,2/12/2020
9781843106692,Alice,1/5/2020,10/5/2020
9781846683145,Bob,1/3/2020,2/12/2020
9781780225920,Elsa,1/1/2020,2/12/2020
9780321832016,Hercules,1/7/2020,1/12/2020
9780062427137,Hercules,1/7/2020,3/5/2020
9781846148583,Alice,1/1/2020,2/2/2020
9780141985138,Alice,1/4/2020,3/5/2020
9780684838656,Alice,1/4/2020,1/12/2020
9781405923316,Elsa,1/6/2020,10/5/2020
9781593851286,Hercules,1/7/2020,3/5/2020
9780753823835,Bob,1/2/2020,2/12/2020
9781572245136,Hercules,1/2/2020,2/2/2020
9781780332024,Charlie,1/4/2020,10/5/2020
9780465094455,Freya,1/1/2020,2/2/2020
9780736092265,Freya,1/6/2020,1/12/2020
9780143113102,Alice,1/2/2020,10/5/2020
9780753557150,Gaston,1/1/2020,3/5/2020
9780060753641,David,1/1/2020,3/5/2020
9781509858613,Hercules,1/7/2020,1/12/2020
9781781802571,Gaston,1/1/2020,2/12/2020
9780553380996,Alice,1/7/2020,3/5/2020
9780330523677,Alice,1/6/2020,3/5/2020
9781405923538,Elsa,1/3/2020,2/2/2020
9780199689903,David,1/6/2020,3/5/2020
9781462516995,Gaston,1/4/2020,2/12/2020
9781843104810,Gaston,1/1/2020,1/12/2020
9781401953119,Freya,1/6/2020,1/12/2020
9780702046544,Bob,1/3/2020,2/2/2020
9781447208266,Freya,1/1/2020,1/12/2020
9781400045372,Hercules,1/2/2020,1/12/2020
9781903348345,Freya,1/4/2020,2/2/2020
9780143127741,Alice,1/2/2020,2/2/2020
9781587790362,Elsa,1/1/2020,2/2/2020
9781626251137,Alice,1/5/2020,3/5/2020
9780753825853,Elsa,1/7/2020,3/5/2020
9780753827871,Freya,1/1/2020,2/12/2020
9780007250929,Alice,1/7/2020,2/12/2020
9781846681325,Hercules,1/5/2020,2/12/2020
9781473619357,Elsa,1/5/2020,10/5/2020
9780061719615,Gaston,1/6/2020,10/5/2020
9781600940521,Hercules,1/4/2020,2/12/2020
9781561706280,Alice,1/5/2020,3/5/2020
9781509822805,Gaston,1/7/2020,1/12/2020
9781572307810,Hercules,1/3/2020,2/12/2020
9780807014271,Bob,1/3/2020,2/12/2020
9781860542381,David,1/4/2020,3/5/2020
9781462526789,Gaston,1/3/2020,3/5/2020
9781444738179,David,1/6/2020,10/5/2020
9780982978658,Gaston,1/6/2020,1/12/2020
9781447275404,Charlie,1/1/2020,1/12/2020
9780553345391,David,1/6/2020,3/5/2020
9780465016907,Elsa,1/3/2020,1/12/2020
9780062326034,David,1/1/2020,10/5/2020
9781529110944,Hercules,1/2/2020,1/12/2020
9781101980385,Gaston,1/1/2020,1/12/2020
9780465061716,David,1/6/2020,2/2/2020
9780141975443,Alice,1/4/2020,10/5/2020
9781623158088,Charlie,1/5/2020,3/5/2020
9781849010986,Hercules,1/1/2020,1/12/2020
9781845295899,Charlie,1/1/2020,1/12/2020
9781785041228,Hercules,1/4/2020,10/5/2020
9781582703268,Hercules,1/5/2020,10/5/2020
9781941631560,Bob,1/1/2020,3/5/2020
9780307888440,Bob,1/2/2020,1/12/2020
9781609185046,Gaston,1/6/2020,2/2/2020
9781593854454,Charlie,1/6/2020,2/2/2020
9781861976574,Gaston,1/1/2020,1/12/2020
9781615190805,Gaston,1/3/2020,1/12/2020
9780753823064,Bob,1/3/2020,2/2/2020
9781848313477,Freya,1/4/2020,2/2/2020
9780415922227,Freya,1/1/2020,2/12/2020
9780008128005,Freya,1/6/2020,10/5/2020
9780099584575,David,1/6/2020,2/2/2020
9780671657864,Charlie,1/4/2020,10/5/2020
9780330523592,Bob,1/2/2020,2/12/2020
9781529010817,Freya,1/4/2020,1/12/2020
9780969276814,Bob,1/6/2020,10/5/2020
9780767908726,Freya,1/7/2020,3/5/2020
9780241303559,Bob,1/7/2020,2/2/2020
9781444786187,David,1/5/2020,1/12/2020
9781593853723,Freya,1/2/2020,2/12/2020
9780393703276,Elsa,1/1/2020,2/12/2020
9780451217325,Alice,1/6/2020,1/12/2020
9780890425565,Bob,1/5/2020,1/12/2020
9781937473808,David,1/6/2020,2/12/2020
9781462520428,David,1/1/2020,3/5/2020
9781684033010,Alice,1/7/2020,10/5/2020
9780345339256,Charlie,1/4/2020,2/2/2020
9781101911761,Charlie,1/1/2020,2/12/2020
9781603585613,David,1/5/2020,10/5/2020
9781845290573,Alice,1/5/2020,1/12/2020
9780914955009,Alice,1/6/2020,2/12/2020
9781593859756,Elsa,1/7/2020,3/5/2020
9780553386394,Bob,1/6/2020,2/2/2020
9780891419198,David,1/4/2020,2/12/2020
9781572244252,Freya,1/6/2020,1/12/2020
9780718179076,Bob,1/5/2020,2/12/2020
9780470923351,Freya,1/2/2020,1/12/2020
9781409183747,Elsa,1/2/2020,2/12/2020
9780892819270,Charlie,1/1/2020,1/12/2020
9780071468275,Elsa,1/1/2020,10/5/2020
9781587790638,David,1/6/2020,3/5/2020
9781250004048,Bob,1/5/2020,3/5/2020
9781570671043,Freya,1/5/2020,10/5/2020
9780729542623,Alice,1/6/2020,1/12/2020
9780939616572,Hercules,1/5/2020,3/5/2020
9780141018997,Bob,1/7/2020,3/5/2020
9781905812264,Elsa,1/6/2020,2/12/2020
9780749923730,Hercules,1/7/2020,2/2/2020
9780415833547,Bob,1/5/2020,1/12/2020
9780983263371,Freya,1/5/2020,1/12/2020
9780143116387,Freya,1/6/2020,3/5/2020
9781626361287,Freya,1/1/2020,10/5/2020
9781609611545,Hercules,1/5/2020,2/12/2020
9781609182274,Bob,1/2/2020,10/5/2020
9780330523608,Alice,1/2/2020,2/2/2020
9780340878286,David,1/3/2020,2/12/2020
9781784721916,Freya,1/2/2020,2/2/2020
9780062571298,Elsa,1/1/2020,2/2/2020
9780729542593,Freya,1/1/2020,1/12/2020
9781583335543,Alice,1/6/2020,2/12/2020
9781509844333,David,1/3/2020,10/5/2020
9780736083867,David,1/3/2020,2/12/2020
9781780331188,Freya,1/1/2020,2/2/2020
9780968766538,Freya,1/3/2020,2/12/2020
9781905812172,Elsa,1/5/2020,3/5/2020
9780062268747,Bob,1/6/2020,3/5/2020
9781400052189,Gaston,1/5/2020,3/5/2020
9781841813509,Freya,1/3/2020,10/5/2020
9781846149191,David,1/1/2020,1/12/2020
9781741750973,Charlie,1/7/2020,2/12/2020
9781925596038,Freya,1/1/2020,1/12/2020
9780062698148,Alice,1/2/2020,2/12/2020
9781626251700,Elsa,1/5/2020,2/12/2020
9780062562852,Alice,1/3/2020,10/5/2020
9780465092840,Alice,1/1/2020,2/2/2020
9781400033461,Charlie,1/6/2020,2/2/2020
9780729542548,Charlie,1/6/2020,2/2/2020
9780757318375,Gaston,1/3/2020,1/12/2020
9780140192452,Hercules,1/3/2020,2/2/2020
9781905319268,Hercules,1/3/2020,10/5/2020
9781608824946,Alice,1/7/2020,2/12/2020
9780970245885,Charlie,1/5/2020,1/12/2020
9780062347473,Freya,1/1/2020,10/5/2020
9780415708234,Alice,1/4/2020,2/12/2020
9781250076229,Hercules,1/7/2020,1/12/2020
9781785920745,Charlie,1/7/2020,2/12/2020
9781580085793,Hercules,1/6/2020,1/12/2020
9780373892327,Charlie,1/1/2020,2/12/2020
9781785042157,Bob,1/1/2020,10/5/2020
9781849027700,Charlie,1/5/2020,3/5/2020
9780393706130,Elsa,1/6/2020,1/12/2020
9780753557563,Bob,1/4/2020,2/12/2020
9781851687930,Charlie,1/5/2020,10/5/2020
9780954852016,Freya,1/4/2020,3/5/2020
9780356503820,David,1/2/2020,3/5/2020
9781465462763,Hercules,1/5/2020,1/12/2020
9780393706055,Gaston,1/1/2020,2/2/2020
9780718179045,Elsa,1/5/2020,10/5/2020
9780198719410,Freya,1/1/2020,1/12/2020
9780393339758,Bob,1/4/2020,1/12/2020
9781785041327,Bob,1/7/2020,2/12/2020
9781473657601,Hercules,1/4/2020,3/5/2020
9780091906955,Freya,1/1/2020,3/5/2020
9781482315820,Charlie,1/7/2020,10/5/2020
9780064603065,Elsa,1/4/2020,2/2/2020
9781780229034,Bob,1/6/2020,1/12/2020
9781496310118,Freya,1/7/2020,1/12/2020
9780812988406,Charlie,1/1/2020,10/5/2020
9780062347480,Alice,1/4/2020,10/5/2020
9780670785933,David,1/6/2020,1/12/2020
9781845297435,Freya,1/4/2020,3/5/2020
9780062507549,Alice,1/1/2020,3/5/2020
9780399162718,Elsa,1/6/2020,10/5/2020
9780316182690,Bob,1/7/2020,10/5/2020
9781455726134,Elsa,1/7/2020,2/12/2020
9781623170240,David,1/1/2020,1/12/2020
9780951951736,Gaston,1/2/2020,2/12/2020
9781138806139,Charlie,1/7/2020,10/5/2020
9781462508143,Alice,1/6/2020,2/12/2020
9780749959241,Alice,1/7/2020,2/12/2020
9780553818499,David,1/5/2020,1/12/2020
9783850687737,Hercules,1/5/2020,2/12/2020
9781447242734,Alice,1/6/2020,3/5/2020
9780729542364,Elsa,1/2/2020,2/2/2020
9781538712610,Elsa,1/5/2020,2/2/2020
9781572305618,Charlie,1/3/2020,2/12/2020
9780753557167,Alice,1/6/2020,1/12/2020
9781572304512,Hercules,1/3/2020,1/12/2020
9780553386738,Alice,1/6/2020,2/2/2020
9781472111821,Bob,1/1/2020,3/5/2020
9780099501640,Elsa,1/2/2020,3/5/2020
9780465084999,Charlie,1/7/2020,2/12/2020
9781608827602,Bob,1/2/2020,10/5/2020
9781911617044,Gaston,1/6/2020,2/12/2020
9781849018784,Hercules,1/3/2020,10/5/2020
9781912023387,Bob,1/4/2020,10/5/2020
9781760113742,Bob,1/4/2020,2/12/2020
9780393712377,Charlie,1/6/2020,10/5/2020
9781426218460,Freya,1/7/2020,2/12/2020
9781509893911,Gaston,1/6/2020,10/5/2020
9780722536230,Charlie,1/3/2020,10/5/2020
9780321036636,Alice,1/5/2020,3/5/2020
9780648352402,David,1/3/2020,3/5/2020
9780415559997,David,1/7/2020,2/2/2020
9780914955573,David,1/5/2020,3/5/2020
9780500517345,Freya,1/2/2020,2/2/2020
9781617230127,Alice,1/5/2020,10/5/2020
9780809228409,Gaston,1/4/2020,10/5/2020
9781118877715,Alice,1/2/2020,1/12/2020
9780452281325,Elsa,1/7/2020,1/12/2020
9781760113643,Elsa,1/4/2020,1/12/2020
9781409183761,Hercules,1/7/2020,3/5/2020
9781626252158,Hercules,1/7/2020,2/12/2020
9780393705164,Charlie,1/1/2020,10/5/2020
9780753545652,Alice,1/1/2020,10/5/2020
9780141007458,Gaston,1/1/2020,10/5/2020
9780393706451,Charlie,1/5/2020,10/5/2020
9781903458785,Elsa,1/4/2020,2/12/2020
9780062201669,Elsa,1/3/2020,10/5/2020
9780470665411,Charlie,1/4/2020,3/5/2020
9781771642651,Alice,1/7/2020,10/5/2020
9780999676189,Alice,1/4/2020,10/5/2020
9780241309100,Hercules,1/2/2020,10/5/2020
9781609184940,Alice,1/3/2020,10/5/2020
9780099557555,Gaston,1/1/2020,3/5/2020
9781760529093,Elsa,1/3/2020,2/2/2020
9780553386721,David,1/7/2020,3/5/2020
9781439170915,Bob,1/2/2020,3/5/2020
9781472963611,Charlie,1/1/2020,3/5/2020
9780099481324,David,1/5/2020,10/5/2020
9781405932639,Charlie,1/6/2020,1/12/2020
9781908261151,Alice,1/1/2020,2/2/2020
9781784706883,Gaston,1/6/2020,2/2/2020
9780330523646,Freya,1/1/2020,10/5/2020
9781932565225,Freya,1/4/2020,10/5/2020
9780241317945,Alice,1/7/2020,10/5/2020
9781455502004,Charlie,1/4/2020,10/5/2020
9780143114963,Elsa,1/2/2020,3/5/2020
9780007498086,Elsa,1/6/2020,2/12/2020
9781260143676,David,1/1/2020,2/2/2020
9781101884232,Alice,1/3/2020,2/12/2020
9781854875860,Hercules,1/7/2020,2/2/2020
9780615477121,Freya,1/7/2020,2/2/2020
9780751573381,Charlie,1/4/2020,2/12/2020
9780895947369,Elsa,1/2/2020,3/5/2020
9780465021475,Alice,1/4/2020,10/5/2020
9781473962583,Freya,1/5/2020,2/2/2020
9780345305831,Charlie,1/1/2020,3/5/2020
9780008239336,David,1/7/2020,1/12/2020
9781608828029,Gaston,1/6/2020,1/12/2020
9781433803833,Hercules,1/7/2020,3/5/2020
9780965987301,Bob,1/2/2020,1/12/2020
9780761128687,David,1/2/2020,1/12/2020
9780399162725,David,1/5/2020,2/2/2020
9781292216119,Bob,1/2/2020,2/12/2020
9780008210915,David,1/3/2020,1/12/2020
9781626253735,David,1/5/2020,10/5/2020
9781480216891,Hercules,1/1/2020,1/12/2020
9780729541770,Gaston,1/2/2020,2/2/2020
9781911344773,Freya,1/5/2020,10/5/2020
9780062843395,Elsa,1/7/2020,1/12/2020
9781921966460,Bob,1/5/2020,10/5/2020
9781583944899,Freya,1/2/2020,2/2/2020
9780091901813,Elsa,1/7/2020,2/2/2020
9781462515356,Hercules,1/7/2020,3/5/2020
9781849054928,Freya,1/3/2020,2/2/2020
9780062376589,Bob,1/6/2020,10/5/2020
9781848374645,Bob,1/7/2020,1/12/2020
9780140134599,Freya,1/6/2020,3/5/2020
9780345336569,Bob,1/5/2020,1/12/2020
9781462513260,Elsa,1/3/2020,2/2/2020
9780415870535,David,1/6/2020,10/5/2020
9781784162818,Freya,1/7/2020,2/12/2020
9780143038580,Alice,1/7/2020,2/12/2020
9781615191918,Charlie,1/5/2020,2/12/2020
9780141034720,Gaston,1/4/2020,1/12/2020
9780062847058,Alice,1/2/2020,3/5/2020
9780702051319,Charlie,1/4/2020,3/5/2020
9781609186494,Bob,1/3/2020,1/12/2020
9781907904103,David,1/3/2020,3/5/2020
9781846144479,David,1/4/2020,3/5/2020
9781849057172,Gaston,1/5/2020,10/5/2020
9781743074497,Bob,1/3/2020,10/5/2020
9781476749860,Freya,1/6/2020,10/5/2020
9781447225997,Bob,1/4/2020,1/12/2020
9780553382334,Hercules,1/5/2020,3/5/2020
9781609184704,Elsa,1/3/2020,1/12/2020
9780393707007,David,1/1/2020,10/5/2020
9781583949948,Charlie,1/6/2020,2/12/2020
9780702040511,David,1/5/2020,10/5/2020
9781573229203,Gaston,1/6/2020,2/2/2020
9781907704703,Bob,1/1/2020,10/5/2020
9781848191969,Bob,1/4/2020,3/5/2020
9781119442608,Gaston,1/3/2020,2/2/2020
9781580911672,Freya,1/3/2020,2/2/2020
9780749927486,Alice,1/6/2020,2/12/2020
9780071597173,Gaston,1/2/2020,1/12/2020
9781626256224,Elsa,1/3/2020,3/5/2020
9780988775114,Bob,1/6/2020,3/5/2020
9780141983387,Hercules,1/4/2020,2/2/2020
9780393707878,Freya,1/1/2020,2/12/2020
9780465028023,Elsa,1/3/2020,1/12/2020
9780241294758,Freya,1/2/2020,2/2/2020
9780062130792,Bob,1/1/2020,2/12/2020
9781911617549,Freya,1/1/2020,3/5/2020
9781849053419,Gaston,1/1/2020,10/5/2020
9781609182298,Elsa,1/6/2020,2/2/2020
9781529018585,Elsa,1/7/2020,10/5/2020
9780349410067,Freya,1/6/2020,2/12/2020
9781781802663,Hercules,1/3/2020,1/12/2020
9781845291556,Gaston,1/2/2020,2/2/2020
9780330508902,Hercules,1/7/2020,2/2/2020
9780702057359,Alice,1/7/2020,2/12/2020
9781849059954,Hercules,1/6/2020,2/12/2020
9781473611771,Freya,1/7/2020,10/5/2020
9780393704570,Alice,1/4/2020,10/5/2020
9780141975344,Hercules,1/3/2020,2/2/2020
9781849010665,Elsa,1/2/2020,2/2/2020
9781250127761,David,1/5/2020,3/5/2020
9780195115017,Gaston,1/2/2020,1/12/2020
9780071825108,Bob,1/7/2020,2/2/2020
9781785922633,Freya,1/6/2020,10/5/2020
9781849014496,Alice,1/1/2020,1/12/2020
9781556439698,David,1/5/2020,2/12/2020
9780939266067,Hercules,1/1/2020,3/5/2020
9781743314753,Bob,1/4/2020,1/12/2020
9780729542647,Gaston,1/4/2020,2/12/2020
9781626251205,Bob,1/1/2020,10/5/2020
9781626253186,David,1/6/2020,2/12/2020
9780684853949,David,1/2/2020,2/12/2020
9781590301319,Freya,1/2/2020,10/5/2020
9780393301359,Freya,1/7/2020,2/2/2020
9780985690434,Freya,1/4/2020,2/12/2020
9781433801310,Elsa,1/3/2020,2/2/2020
9781881217404,Alice,1/7/2020,1/12/2020
9781558320383,Freya,1/3/2020,2/12/2020
9781401902100,Gaston,1/2/2020,2/2/2020
9781608825820,Charlie,1/1/2020,2/2/2020
9780961307370,Alice,1/1/2020,2/12/2020
9780345303356,Gaston,1/3/2020,1/12/2020
9781405933940,Bob,1/4/2020,1/12/2020
9781781800577,Hercules,1/4/2020,2/12/2020
9781615190218,Elsa,1/1/2020,2/2/2020
9780670038305,Hercules,1/6/2020,3/5/2020
9781455770052,Freya,1/1/2020,1/12/2020
9781107686465,Hercules,1/4/2020,2/12/2020
9780465020119,Hercules,1/5/2020,2/12/2020
9781433805608,Bob,1/3/2020,10/5/2020
9781455776849,Charlie,1/2/2020,2/12/2020
9780307452429,Bob,1/3/2020,10/5/2020
9780486241388,Gaston,1/2/2020,10/5/2020
9780141399959,David,1/3/2020,1/12/2020
9780525537175,Freya,1/5/2020,3/5/2020
9780878936137,Alice,1/3/2020,10/5/2020
9780399183645,Freya,1/6/2020,2/2/2020
9781462507894,Hercules,1/1/2020,2/12/2020
9780547053646,Alice,1/1/2020,3/5/2020
9781905410620,Bob,1/7/2020,2/2/2020
9780702062315,Freya,1/7/2020,1/12/2020
9781593856076,Gaston,1/4/2020,3/5/2020
9781603429870,David,1/1/2020,10/5/2020
9780525479970,Bob,1/5/2020,2/12/2020
9780702033957,Charlie,1/4/2020,2/2/2020
9781932565218,Hercules,1/5/2020,2/12/2020
9780345379740,Bob,1/2/2020,10/5/2020
9780099597858,Gaston,1/3/2020,2/12/2020
9780143105824,Bob,1/6/2020,2/2/2020
9781593853143,Hercules,1/7/2020,2/12/2020
9780062429667,Charlie,1/4/2020,10/5/2020
9780198768814,Hercules,1/1/2020,3/5/2020
9781846043574,Charlie,1/2/2020,3/5/2020
9781556436994,Elsa,1/5/2020,1/12/2020
9780007514144,Freya,1/1/2020,10/5/2020
9780752266275,Alice,1/3/2020,2/12/2020
9780199679850,Freya,1/2/2020,10/5/2020
9780312430009,Gaston,1/4/2020,1/12/2020
9781476748368,Hercules,1/1/2020,3/5/2020
9780199589562,Bob,1/1/2020,2/2/2020
9781853025778,Freya,1/6/2020,1/12/2020
9780415345460,Freya,1/6/2020,10/5/2020
9780979303609,Charlie,1/5/2020,2/12/2020
9781462538249,Alice,1/5/2020,1/12/2020
9780007307135,Bob,1/2/2020,3/5/2020
9780170366670,Gaston,1/2/2020,2/2/2020
9780956596253,Alice,1/6/2020,10/5/2020
9781909865259,Gaston,1/1/2020,10/5/2020
9780714872780,Gaston,1/5/2020,3/5/2020
9781556436307,Hercules,1/2/2020,3/5/2020
9780729542319,Freya,1/7/2020,2/12/2020
9781628600094,David,1/5/2020,3/5/2020
9780890425541,Gaston,1/7/2020,10/5/2020
9781849059947,Alice,1/4/2020,1/12/2020
9781841198408,Bob,1/5/2020,2/12/2020
9781119962861,Elsa,1/6/2020,2/12/2020
9781851688234,Hercules,1/2/2020,10/5/2020
9780393706499,David,1/2/2020,10/5/2020
9781879181588,Charlie,1/3/2020,3/5/2020
9781401950064,Bob,1/4/2020,2/12/2020
9781462532766,Elsa,1/7/2020,10/5/2020
9780415886819,Alice,1/5/2020,2/12/2020
9780192854582,Charlie,1/2/2020,2/2/2020
9781107401013,Alice,1/3/2020,2/12/2020
9781450400954,Freya,1/1/2020,2/12/2020
9780062075871,David,1/4/2020,10/5/2020
9780982021309,Elsa,1/7/2020,1/12/2020
9780963382115,Hercules,1/1/2020,3/5/2020
9780062316257,Elsa,1/3/2020,2/12/2020
9780393709780,Bob,1/6/2020,2/12/2020
9781409173892,David,1/2/2020,10/5/2020
9780572022631,Freya,1/6/2020,2/12/2020
9780060953669,Elsa,1/1/2020,2/2/2020
9780749927837,Freya,1/2/2020,10/5/2020
9780738210940,Gaston,1/6/2020,2/12/2020
9780062853547,Gaston,1/7/2020,2/12/2020
9780061771224,Alice,1/5/2020,2/12/2020
9781107657267,Bob,1/5/2020,3/5/2020
9780968766552,Charlie,1/1/2020,10/5/2020
9780749927653,Gaston,1/6/2020,3/5/2020
9780374533403,Charlie,1/1/2020,3/5/2020
9780062080646,Freya,1/2/2020,2/2/2020
9780415462990,David,1/7/2020,1/12/2020
9781870244022,David,1/2/2020,10/5/2020
9780199671038,Elsa,1/6/2020,2/2/2020
9780553407990,Freya,1/5/2020,1/12/2020
9780393704006,Freya,1/6/2020,3/5/2020
9780963648006,Hercules,1/6/2020,2/2/2020
9781912023035,Charlie,1/2/2020,2/12/2020
9781608828050,Elsa,1/6/2020,1/12/2020
9780241954331,Hercules,1/1/2020,10/5/2020
9780984595440,Bob,1/3/2020,10/5/2020
9780729537520,Hercules,1/7/2020,3/5/2020
9780205548743,Hercules,1/1/2020,2/12/2020
9781401955410,Alice,1/1/2020,10/5/2020
9780425279991,Charlie,1/6/2020,1/12/2020
9780393700954,Gaston,1/7/2020,3/5/2020
9780702072765,Hercules,1/6/2020,2/2/2020
9780062376558,Gaston,1/1/2020,3/5/2020
9781462522712,Bob,1/5/2020,1/12/2020
9781118754603,Charlie,1/3/2020,2/12/2020
9781447264064,Hercules,1/3/2020,2/12/2020
9781138806306,Freya,1/1/2020,3/5/2020
9780373892648,Freya,1/7/2020,1/12/2020
9780062252746,Bob,1/1/2020,2/2/2020
9780941524247,Hercules,1/3/2020,10/5/2020
9781780660059,David,1/3/2020,3/5/2020
9781593857097,Freya,1/2/2020,3/5/2020
9780385479561,Charlie,1/2/2020,2/12/2020
9780961307387,Bob,1/4/2020,1/12/2020
9780553278323,Alice,1/4/2020,3/5/2020
9781250113849,Freya,1/2/2020,2/12/2020
9781446252536,Bob,1/7/2020,2/12/2020
9781501144325,Charlie,1/1/2020,2/2/2020
9781786486424,Hercules,1/7/2020,2/12/2020
9780865428713,David,1/3/2020,3/5/2020
9780443062414,Freya,1/7/2020,1/12/2020
9780393706468,Hercules,1/1/2020,3/5/2020
9780062122704,Gaston,1/7/2020,3/5/2020
9781451184471,Charlie,1/5/2020,2/12/2020
9781472108852,Hercules,1/4/2020,2/2/2020
9781905812059,Hercules,1/3/2020,10/5/2020
9780241382318,Gaston,1/4/2020,3/5/2020
9781885477224,Elsa,1/6/2020,10/5/2020
9780553377842,Alice,1/3/2020,1/12/2020
9780141978352,David,1/5/2020,2/2/2020
9780729542470,David,1/3/2020,3/5/2020
9780316272865,Bob,1/2/2020,1/12/2020
9781883725075,Hercules,1/7/2020,2/2/2020
9781582437026,Gaston,1/2/2020,3/5/2020
9780071596954,Charlie,1/7/2020,10/5/2020
9780091882907,David,1/2/2020,2/2/2020
9781683730750,Gaston,1/2/2020,2/2/2020
9781450413985,Freya,1/5/2020,1/12/2020
9780736067898,Charlie,1/3/2020,3/5/2020
9781409174516,Alice,1/1/2020,10/5/2020
9780729541947,David,1/5/2020,2/2/2020
9781587790454,Charlie,1/4/2020,1/12/2020
9780857833914,Elsa,1/6/2020,2/2/2020
9781444135237,Freya,1/6/2020,3/5/2020
9781628602739,David,1/1/2020,10/5/2020
9780932194404,Elsa,1/5/2020,3/5/2020
9780399162701,Gaston,1/1/2020,2/12/2020
9780312063207,Elsa,1/7/2020,2/12/2020
9781473650572,Hercules,1/2/2020,1/12/2020
9781849054935,David,1/2/2020,10/5/2020
9781931282208,Freya,1/2/2020,3/5/2020
9781501144318,Bob,1/1/2020,1/12/2020
9781570671975,Elsa,1/3/2020,3/5/2020
9780415448079,Hercules,1/4/2020,1/12/2020
9781462507504,Gaston,1/1/2020,2/2/2020
9780723435655,Charlie,1/4/2020,1/12/2020
9780857833921,Alice,1/4/2020,2/12/2020
9780330526142,Elsa,1/6/2020,2/2/2020
9781760634407,Gaston,1/2/2020,2/12/2020
9780199688128,Freya,1/5/2020,2/12/2020
9780986032004,Elsa,1/3/2020,3/5/2020
9780941599603,Hercules,1/6/2020,2/2/2020
9781606233382,Freya,1/1/2020,3/5/2020
9780688069711,David,1/7/2020,3/5/2020
9780749921675,Elsa,1/4/2020,2/2/2020
9780957149908,Bob,1/5/2020,1/12/2020
9781785041426,Freya,1/3/2020,2/12/2020
9781476727264,Hercules,1/7/2020,2/12/2020
9780091948184,David,1/6/2020,3/5/2020
9781780338392,Gaston,1/3/2020,2/2/2020
9780892817498,Alice,1/7/2020,3/5/2020
9780684846347,Hercules,1/2/2020,10/5/2020
9780199687817,Gaston,1/6/2020,10/5/2020
9780393707137,Freya,1/3/2020,1/12/2020
9781626251106,Gaston,1/6/2020,1/12/2020
9780241338681,David,1/5/2020,2/2/2020
9780141027586,David,1/6/2020,3/5/2020
9781591470809,Alice,1/5/2020,2/12/2020
9781451694970,Freya,1/5/2020,3/5/2020
9781405340410,Hercules,1/2/2020,2/12/2020
9780890190333,Alice,1/7/2020,2/2/2020
9781471151002,Elsa,1/5/2020,2/12/2020
9781591030454,Hercules,1/5/2020,3/5/2020
9780312310882,Elsa,1/4/2020,3/5/2020
9781446276044,Bob,1/2/2020,3/5/2020
9781583944585,Freya,1/5/2020,2/12/2020
9780071844574,Charlie,1/5/2020,1/12/2020
9781608821648,Freya,1/1/2020,2/2/2020
9781849055376,Hercules,1/5/2020,1/12/2020
9780738215143,Charlie,1/5/2020,2/12/2020
9780985690403,Gaston,1/7/2020,2/2/2020
9780393705553,David,1/7/2020,2/2/2020
9780199699476,Gaston,1/6/2020,2/12/2020
9781593854560,Gaston,1/6/2020,2/2/2020
9781118509173,Freya,1/1/2020,3/5/2020
9781593853556,Charlie,1/2/2020,1/12/2020
9781583335215,Bob,1/2/2020,2/12/2020
9780670025503,Bob,1/2/2020,2/2/2020
9780578135212,Elsa,1/2/2020,2/12/2020
9781474603874,Freya,1/3/2020,3/5/2020
9780091902551,Elsa,1/1/2020,10/5/2020
9781585624669,Freya,1/3/2020,2/2/2020
9781860491016,David,1/7/2020,1/12/2020
9781119345237,David,1/5/2020,2/2/2020
9781433805622,Alice,1/2/2020,3/5/2020
9781623157340,Charlie,1/1/2020,2/12/2020
9780198719021,Bob,1/5/2020,2/12/2020
9781849059862,Alice,1/1/2020,1/12/2020
9781846044496,Bob,1/3/2020,1/12/2020
9780898621839,Hercules,1/5/2020,3/5/2020
9780307887962,Alice,1/3/2020,2/12/2020
9780702066016,Elsa,1/1/2020,2/2/2020
9781781807583,Gaston,1/1/2020,2/2/2020
9781760422295,Alice,1/7/2020,2/2/2020
9781524744069,Bob,1/2/2020,2/12/2020
9781118271889,Gaston,1/5/2020,2/2/2020
9780976136712,Freya,1/1/2020,3/5/2020
9781849059671,Bob,1/7/2020,3/5/2020
9780851319056,David,1/7/2020,3/5/2020
9780099551065,Hercules,1/6/2020,2/12/2020
9781623170790,Elsa,1/1/2020,10/5/2020
9780892819799,Alice,1/6/2020,1/12/2020
9781451695182,Alice,1/5/2020,3/5/2020
9781612121604,Hercules,1/7/2020,1/12/2020
9781556438776,Freya,1/6/2020,1/12/2020
9780831400446,Freya,1/4/2020,2/2/2020
9780199542550,Elsa,1/5/2020,2/12/2020
9780618057078,Hercules,1/2/2020,2/2/2020
9780241973844,Elsa,1/6/2020,10/5/2020
9780241954379,Alice,1/1/2020,2/2/2020
9780323072007,Gaston,1/3/2020,10/5/2020
9781473953338,Freya,1/3/2020,2/2/2020
9781250066114,Elsa,1/6/2020,1/12/2020
9780060930721,Alice,1/5/2020,1/12/2020
9781606236314,Freya,1/5/2020,2/2/2020
9781447263661,Bob,1/6/2020,2/12/2020
9781855032521,Bob,1/4/2020,1/12/2020
9780849921964,Bob,1/1/2020,3/5/2020
9780335247226,Alice,1/5/2020,10/5/2020
9781943370108,Alice,1/5/2020,1/12/2020
9780198529163,Elsa,1/4/2020,3/5/2020
9780062201232,Alice,1/7/2020,1/12/2020
9780393704228,David,1/7/2020,2/12/2020
9780892817276,Alice,1/5/2020,2/12/2020
9780393704242,Hercules,1/7/2020,10/5/2020
9780094720909,Charlie,1/6/2020,1/12/2020
9780749918354,David,1/1/2020,3/5/2020
9781843444190,David,1/1/2020,3/5/2020
9780729542753,David,1/2/2020,3/5/2020
9781846147098,Hercules,1/7/2020,2/2/2020
9781587794667,David,1/4/2020,1/12/2020
9781472119230,Bob,1/3/2020,10/5/2020
9780141189376,Gaston,1/2/2020,2/2/2020
9780393708356,Alice,1/6/2020,2/12/2020
9780712670463,Elsa,1/3/2020,10/5/2020
9781444706383,Gaston,1/6/2020,1/12/2020
9781451624434,Freya,1/2/2020,1/12/2020
9781107529151,Gaston,1/4/2020,1/12/2020
9781284093957,Bob,1/4/2020,3/5/2020
9780062429650,Freya,1/3/2020,2/2/2020
9781489498953,Charlie,1/2/2020,3/5/2020
9781472105653,Elsa,1/6/2020,2/12/2020
9781640210219,David,1/5/2020,1/12/2020
9780316133760,Freya,1/3/2020,3/5/2020
9781853158667,Charlie,1/3/2020,3/5/2020
9781849053266,Freya,1/6/2020,3/5/2020
9780070285279,Charlie,1/1/2020,2/2/2020
9781780224640,Bob,1/6/2020,3/5/2020
9781855942202,Elsa,1/4/2020,3/5/2020
9780349419442,Freya,1/6/2020,2/2/2020
9781462527830,Alice,1/5/2020,2/2/2020
9780912912066,Charlie,1/4/2020,10/5/2020
9781406644296,Charlie,1/4/2020,10/5/2020
9781843109150,Gaston,1/5/2020,3/5/2020
9780805071009,Freya,1/6/2020,3/5/2020
9781905812196,David,1/4/2020,10/5/2020
9781439102145,Freya,1/6/2020,2/12/2020
9781577310952,Hercules,1/1/2020,2/12/2020
9780393701715,Hercules,1/3/2020,2/2/2020
9780911910612,Elsa,1/5/2020,2/12/2020
9780749959098,Hercules,1/4/2020,2/2/2020
9780241969427,Alice,1/6/2020,10/5/2020
9780890425633,Elsa,1/7/2020,2/2/2020
9781591034896,Charlie,1/3/2020,1/12/2020
9780804139809,Alice,1/3/2020,10/5/2020
9780982978665,Charlie,1/2/2020,1/12/2020
9781845298265,Bob,1/3/2020,10/5/2020
9780857831675,Hercules,1/3/2020,10/5/2020
9780719566998,Alice,1/1/2020,3/5/2020
9781626253094,Hercules,1/6/2020,10/5/2020
9781405915557,Charlie,1/5/2020,10/5/2020
9781305263727,Gaston,1/7/2020,2/2/2020
9781509837021,Freya,1/7/2020,2/12/2020
9780230215580,Alice,1/7/2020,10/5/2020
9781603586863,Gaston,1/7/2020,1/12/2020
9781603588249,David,1/3/2020,1/12/2020
9781450419895,Elsa,1/2/2020,2/12/2020
9781118454954,Elsa,1/2/2020,10/5/2020
9781743761380,Gaston,1/4/2020,2/2/2020
9780452275355,Freya,1/3/2020,10/5/2020
9781849052726,Elsa,1/3/2020,2/2/2020
9780091865122,Gaston,1/5/2020,2/12/2020
9780552157629,Gaston,1/5/2020,2/2/2020
9781408893333,Gaston,1/7/2020,1/12/2020
9781906860165,Hercules,1/5/2020,3/5/2020
9781936128426,Hercules,1/3/2020,3/5/2020
9781593856120,Bob,1/6/2020,2/2/2020
9781606232941,Hercules,1/5/2020,1/12/2020
9780729541732,Gaston,1/7/2020,1/12/2020
9780967089799,Alice,1/2/2020,10/5/2020
9780198716228,David,1/4/2020,2/2/2020
9780999766804,Elsa,1/7/2020,1/12/2020
9780141978048,Alice,1/3/2020,3/5/2020
9781472119292,Bob,1/5/2020,2/12/2020
9780312187194,Freya,1/3/2020,1/12/2020
9781684030958,Gaston,1/2/2020,3/5/2020
9781472135902,Gaston,1/2/2020,3/5/2020
9780241229446,Elsa,1/3/2020,2/12/2020
9781785927829,Hercules,1/7/2020,3/5/2020
9781930485211,David,1/2/2020,3/5/2020
9780393334777,Hercules,1/4/2020,1/12/2020
9781982067694,Charlie,1/4/2020,3/5/2020
9781608825295,Gaston,1/3/2020,1/12/2020
9781477808702,Hercules,1/2/2020,1/12/2020
9780729542241,Hercules,1/2/2020,2/2/2020
9781592338160,Charlie,1/7/2020,2/12/2020
9781570629778,Charlie,1/5/2020,1/12/2020
9780091954598,Alice,1/7/2020,10/5/2020
9781848290631,Bob,1/7/2020,2/12/2020
9780552168861,Hercules,1/6/2020,1/12/2020
9781623172039,David,1/4/2020,3/5/2020
9781845290702,David,1/7/2020,2/12/2020
9780684831831,David,1/1/2020,3/5/2020
9780702047312,Alice,1/5/2020,2/2/2020
9780889374928,Elsa,1/4/2020,1/12/2020
9781572244160,Hercules,1/7/2020,2/2/2020
9780876121443,Hercules,1/6/2020,10/5/2020
9781849052863,Hercules,1/1/2020,1/12/2020
9780976136729,Alice,1/4/2020,10/5/2020
9780312427658,Alice,1/2/2020,10/5/2020
9780316159210,Charlie,1/3/2020,2/2/2020
9780717169269,Gaston,1/1/2020,2/12/2020
9780871319319,Charlie,1/3/2020,10/5/2020
9781541644632,Elsa,1/6/2020,2/12/2020
9780729542401,Elsa,1/2/2020,2/12/2020
9780749916206,Charlie,1/5/2020,2/2/2020
9781452123660,Alice,1/5/2020,2/12/2020
9780805095159,Alice,1/3/2020,2/12/2020
9780008353742,Alice,1/7/2020,3/5/2020
9781890132880,Gaston,1/3/2020,2/12/2020
9781905177585,Freya,1/4/2020,3/5/2020
9781509823963,Hercules,1/6/2020,1/12/2020
9781409157618,Hercules,1/6/2020,3/5/2020
9780415174299,David,1/4/2020,1/12/2020
9781496354044,Charlie,1/7/2020,10/5/2020
9780443068768,Alice,1/3/2020,1/12/2020
9781404861091,Elsa,1/7/2020,10/5/2020
9780751565348,Gaston,1/2/2020,10/5/2020
9781473647770,Alice,1/4/2020,3/5/2020
9781524762230,Elsa,1/2/2020,2/12/2020
9780285626652,Gaston,1/3/2020,1/12/2020
9780199218479,Charlie,1/2/2020,10/5/2020
9781570620805,Alice,1/4/2020,2/2/2020
9781400033539,Freya,1/7/2020,3/5/2020
9781626253346,Alice,1/7/2020,3/5/2020
9780831400781,Hercules,1/3/2020,2/12/2020
9780335247202,Charlie,1/2/2020,1/12/2020
9780735216204,Bob,1/2/2020,2/12/2020
9781447226017,Alice,1/1/2020,2/12/2020
9781849050746,Gaston,1/3/2020,2/2/2020
9781462520671,Bob,1/1/2020,2/2/2020
9781572304628,David,1/7/2020,1/12/2020
9780723438717,Alice,1/6/2020,2/12/2020
9781899171590,David,1/1/2020,3/5/2020
9780199329250,Hercules,1/2/2020,2/2/2020
9781316618134,Freya,1/4/2020,3/5/2020
9780393351903,Alice,1/4/2020,2/12/2020
9781572302723,Charlie,1/5/2020,10/5/2020
9781107401006,Hercules,1/5/2020,10/5/2020
9781451699159,Bob,1/1/2020,1/12/2020
9781907359156,Elsa,1/1/2020,2/2/2020
9781570672705,Charlie,1/2/2020,1/12/2020
9781476776248,Bob,1/2/2020,2/12/2020
9780062561435,David,1/5/2020,2/2/2020
9780393705263,Hercules,1/3/2020,10/5/2020
9780061652639,Alice,1/5/2020,1/12/2020
9780415945684,Alice,1/2/2020,10/5/2020
9781558616615,David,1/6/2020,3/5/2020
9781615992164,Charlie,1/4/2020,2/12/2020
9780749920135,Hercules,1/3/2020,3/5/2020
9780062286703,David,1/6/2020,2/12/2020
9780062065353,Alice,1/5/2020,2/2/2020
9781511585620,Elsa,1/6/2020,2/12/2020
9780141182360,Charlie,1/7/2020,2/12/2020
9781590301661,Freya,1/3/2020,2/2/2020
9781401956790,Hercules,1/7/2020,1/12/2020
9780471084631,Hercules,1/4/2020,3/5/2020
9781585624430,Alice,1/1/2020,3/5/2020
9780679742449,Charlie,1/1/2020,3/5/2020
9781583335444,Hercules,1/3/2020,2/2/2020
9781771641258,Elsa,1/2/2020,1/12/2020
9781506224473,Hercules,1/2/2020,1/12/2020
9780393709506,Elsa,1/4/2020,1/12/2020
9781780723723,David,1/1/2020,2/2/2020
9781782395508,Bob,1/2/2020,2/2/2020
9781925228779,Elsa,1/6/2020,1/12/2020
9780914955368,Bob,1/3/2020,1/12/2020
9781590308196,Gaston,1/3/2020,10/5/2020
9780062571595,Alice,1/1/2020,10/5/2020
9781975107840,Charlie,1/2/2020,1/12/2020
9781849055024,Gaston,1/6/2020,3/5/2020
9781626250246,Gaston,1/1/2020,10/5/2020
9781482241921,Gaston,1/4/2020,10/5/2020
9780940985599,Charlie,1/7/2020,3/5/2020
9781450413992,Gaston,1/3/2020,2/12/2020
9781572228399,Freya,1/5/2020,1/12/2020
9780071390118,Elsa,1/3/2020,2/2/2020
9780571161164,Bob,1/3/2020,2/12/2020
9780961462000,Gaston,1/4/2020,10/5/2020
9781608829101,David,1/6/2020,3/5/2020
9781509899470,Elsa,1/4/2020,3/5/2020
9781909301337,Gaston,1/4/2020,1/12/2020
9780062516060,Bob,1/6/2020,10/5/2020
9780702051456,Bob,1/1/2020,1/12/2020
9781576759448,Gaston,1/4/2020,2/12/2020
9781409183754,Freya,1/2/2020,3/5/2020
9780806905846,Freya,1/3/2020,3/5/2020
9781509821822,Charlie,1/1/2020,3/5/2020
9781909855472,Charlie,1/2/2020,2/12/2020
9781496339072,Bob,1/6/2020,3/5/2020
9781462533282,Elsa,1/3/2020,2/2/2020
9780192853929,Freya,1/2/2020,3/5/2020
9780395755310,Alice,1/5/2020,10/5/2020
9780399594663,Hercules,1/1/2020,2/12/2020
9781572240445,Elsa,1/4/2020,2/12/2020
9781605295282,Gaston,1/4/2020,1/12/2020
9780393706208,Gaston,1/5/2020,2/2/2020
9780312680084,Gaston,1/1/2020,3/5/2020
9780241973837,Gaston,1/4/2020,3/5/2020
9781107615885,Hercules,1/6/2020,1/12/2020
9781492501626,Freya,1/6/2020,10/5/2020
9780199693887,David,1/1/2020,10/5/2020
9781447226093,Elsa,1/3/2020,2/12/2020
9781592850990,Elsa,1/2/2020,3/5/2020
9780062309952,David,1/1/2020,2/12/2020
9781598571967,Charlie,1/7/2020,2/2/2020
9780443066320,Charlie,1/7/2020,3/5/2020
9780307272706,Elsa,1/5/2020,2/2/2020
9781785925290,Bob,1/1/2020,10/5/2020
9781683730873,Bob,1/1/2020,2/2/2020
9780062684950,Hercules,1/5/2020,2/12/2020
9781451621389,Bob,1/4/2020,3/5/2020
9781408857977,David,1/2/2020,2/12/2020
9781455754168,Alice,1/7/2020,3/5/2020
9781844884575,Alice,1/7/2020,3/5/2020
9781465429780,Hercules,1/3/2020,10/5/2020
9781471136504,Gaston,1/3/2020,10/5/2020
9780349414423,David,1/3/2020,1/12/2020
9781609184964,Alice,1/2/2020,2/2/2020
9781907904820,Elsa,1/6/2020,3/5/2020
9780963837295,David,1/3/2020,1/12/2020
9781118583180,Charlie,1/4/2020,3/5/2020
9780415807258,Hercules,1/6/2020,2/12/2020
9780446676922,Gaston,1/4/2020,2/12/2020
9781743073681,Freya,1/3/2020,2/12/2020
9780702066351,Freya,1/5/2020,10/5/2020
9781572244801,Bob,1/5/2020,2/12/2020
9780195395525,Freya,1/6/2020,3/5/2020
9780671736453,Hercules,1/3/2020,1/12/2020
9780982978689,Gaston,1/6/2020,3/5/2020
9781848192645,Gaston,1/3/2020,3/5/2020
9780702055065,Charlie,1/7/2020,3/5/2020
9781591203742,Charlie,1/3/2020,3/5/2020
9780120884674,Gaston,1/4/2020,1/12/2020
9781849055239,Freya,1/2/2020,2/2/2020
9781760293192,Charlie,1/1/2020,2/12/2020
9780425183090,Alice,1/1/2020,3/5/2020
9780750648288,Gaston,1/1/2020,1/12/2020
9781617230158,Gaston,1/1/2020,1/12/2020
9781260116120,Alice,1/4/2020,3/5/2020
9780393707298,Alice,1/7/2020,3/5/2020
9781623172169,Bob,1/5/2020,10/5/2020
9780241282076,Elsa,1/4/2020,2/2/2020
9780443069925,Freya,1/4/2020,10/5/2020
9781462518890,Freya,1/4/2020,2/12/2020
9780349417387,Charlie,1/4/2020,1/12/2020
9780702053351,Elsa,1/5/2020,2/12/2020
9781451620702,David,1/4/2020,1/12/2020
9781529318708,Bob,1/4/2020,10/5/2020
9780062316240,Gaston,1/5/2020,2/2/2020
9780091809560,Bob,1/2/2020,10/5/2020
9781137603487,Elsa,1/2/2020,3/5/2020
9780241216569,Hercules,1/3/2020,10/5/2020
9781848503243,David,1/2/2020,2/2/2020
9781623367299,Gaston,1/1/2020,2/2/2020
9781781808566,Hercules,1/1/2020,1/12/2020
9781591430773,Bob,1/7/2020,2/12/2020
9780767900959,Charlie,1/1/2020,10/5/2020
9780060894085,Elsa,1/5/2020,10/5/2020
9781632868305,Charlie,1/3/2020,2/2/2020
9780007505142,Charlie,1/1/2020,2/2/2020
9780985615437,Charlie,1/7/2020,2/2/2020
9781118777480,Gaston,1/5/2020,2/12/2020
9781292084978,Hercules,1/3/2020,2/2/2020
9781780224824,Gaston,1/1/2020,2/2/2020
9781501223600,Elsa,1/4/2020,3/5/2020
9781623151478,Charlie,1/6/2020,3/5/2020
9781462528943,Alice,1/6/2020,10/5/2020
9781849161572,Elsa,1/7/2020,3/5/2020
9781107613980,Alice,1/3/2020,2/12/2020
9780007176847,Bob,1/4/2020,2/2/2020
9780199578689,Hercules,1/5/2020,10/5/2020
9780702042324,Charlie,1/5/2020,2/12/2020
9781775274223,Charlie,1/5/2020,10/5/2020
9781593850098,Charlie,1/4/2020,3/5/2020
9781118902400,Charlie,1/5/2020,3/5/2020
9781910559062,Freya,1/1/2020,2/2/2020
9780393706420,Hercules,1/3/2020,3/5/2020
9780062320049,Bob,1/5/2020,2/2/2020
9780831400491,Alice,1/7/2020,2/12/2020
9780199680375,Bob,1/5/2020,2/2/2020
9781260440294,Charlie,1/3/2020,3/5/2020
9781250018311,Freya,1/3/2020,2/2/2020
9780892819782,Gaston,1/4/2020,3/5/2020
9780895295484,Hercules,1/3/2020,3/5/2020
9780984392773,Gaston,1/4/2020,1/12/2020
9781925322705,Alice,1/7/2020,2/12/2020
9781884772009,David,1/6/2020,3/5/2020
9781451193831,Alice,1/6/2020,3/5/2020
9780767922470,Charlie,1/7/2020,2/12/2020
9781841196749,Charlie,1/7/2020,10/5/2020
9780312338084,Charlie,1/5/2020,2/2/2020
9780008196783,Elsa,1/6/2020,3/5/2020
9780435046873,Bob,1/2/2020,3/5/2020
9780525534075,Freya,1/3/2020,10/5/2020
9781433807091,Bob,1/3/2020,10/5/2020
9780285637221,Charlie,1/3/2020,3/5/2020
9780688172176,Hercules,1/7/2020,2/12/2020
9780995051201,Hercules,1/3/2020,10/5/2020
9780060988470,Bob,1/3/2020,2/12/2020
9780743264488,Charlie,1/5/2020,2/12/2020
9781401956134,David,1/4/2020,2/2/2020
9780415815062,Bob,1/5/2020,10/5/2020
9781780661803,Alice,1/1/2020,10/5/2020
9781849057592,Elsa,1/3/2020,10/5/2020
9780717185719,Freya,1/5/2020,2/12/2020
9780486223407,David,1/7/2020,3/5/2020
9780062476340,Hercules,1/7/2020,2/2/2020
9780226039053,Bob,1/6/2020,2/2/2020
9781587790775,David,1/1/2020,3/5/2020
9781406644265,Charlie,1/7/2020,10/5/2020
9781936128778,Gaston,1/3/2020,2/12/2020
9780954599614,Elsa,1/6/2020,10/5/2020
9781845298241,David,1/6/2020,2/12/2020
9780415355278,Bob,1/1/2020,10/5/2020
9780600633471,Hercules,1/4/2020,1/12/2020
9780940795235,David,1/1/2020,3/5/2020
9781608828159,Hercules,1/5/2020,10/5/2020
9781905664764,Freya,1/6/2020,2/2/2020
9781401956110,Gaston,1/6/2020,10/5/2020
9781606239186,Elsa,1/4/2020,2/12/2020
9781401902889,David,1/4/2020,1/12/2020
9781893858558,Bob,1/4/2020,2/12/2020
9780091902056,Gaston,1/7/2020,3/5/2020
9780143118824,Hercules,1/3/2020,10/5/2020
9780323530507,Freya,1/3/2020,1/12/2020
9781781251706,Bob,1/6/2020,1/12/2020
9780323353175,Gaston,1/3/2020,2/2/2020
9781935826187,Alice,1/1/2020,1/12/2020
9781515351511,Charlie,1/2/2020,2/2/2020
9780099592068,Charlie,1/4/2020,2/2/2020
9780323545037,Charlie,1/1/2020,2/12/2020
9781626259492,Hercules,1/1/2020,2/12/2020
9780984481743,Bob,1/5/2020,3/5/2020
9781849059206,David,1/7/2020,3/5/2020
9780702034473,Gaston,1/3/2020,2/2/2020
9780190930967,David,1/2/2020,1/12/2020
9780140194715,David,1/5/2020,2/2/2020
9780062515421,Alice,1/2/2020,2/12/2020
9780062426765,Bob,1/2/2020,3/5/2020
9780393706345,Alice,1/2/2020,3/5/2020
9780831400705,Alice,1/3/2020,2/2/2020
9780241346952,Gaston,1/3/2020,2/2/2020
9780801093555,Bob,1/6/2020,10/5/2020
9781878424082,Bob,1/4/2020,10/5/2020
9780593079423,Freya,1/4/2020,2/2/2020
9781608825653,Freya,1/2/2020,2/2/2020
9781622030958,Elsa,1/6/2020,1/12/2020
9781439107959,Charlie,1/7/2020,1/12/2020
9780863887581,Hercules,1/1/2020,10/5/2020
9780062113320,Freya,1/5/2020,1/12/2020
9781609184728,Elsa,1/4/2020,1/12/2020
9780674013827,Bob,1/1/2020,2/2/2020
9781846684319,David,1/3/2020,2/12/2020
9781447226062,Hercules,1/4/2020,2/12/2020
9780553378252,Elsa,1/7/2020,3/5/2020
9781846198847,Freya,1/1/2020,3/5/2020
9780500518106,Hercules,1/6/2020,2/2/2020
9780738213880,David,1/1/2020,2/2/2020
9781843106951,Bob,1/6/2020,3/5/2020
9781780227016,Elsa,1/1/2020,1/12/2020
9781509893065,Bob,1/1/2020,3/5/2020
9781603587297,Elsa,1/3/2020,1/12/2020
9781610392334,Charlie,1/2/2020,10/5/2020
9780415947473,Freya,1/3/2020,2/2/2020
9780394725673,Gaston,1/1/2020,10/5/2020
9781462528646,Charlie,1/5/2020,2/12/2020
9780393711042,Charlie,1/2/2020,1/12/2020
9780199679867,Charlie,1/5/2020,2/2/2020
9780915556373,Bob,1/2/2020,2/12/2020
9781462518166,Elsa,1/1/2020,2/2/2020
9781609139711,Bob,1/5/2020,10/5/2020
9780393705959,Hercules,1/3/2020,2/12/2020
9781604076639,Bob,1/4/2020,10/5/2020
9781474606530,Freya,1/2/2020,2/2/2020
9780199698400,Charlie,1/1/2020,1/12/2020
9780425269978,David,1/6/2020,2/12/2020
9780729542302,Bob,1/1/2020,2/2/2020
9781784741471,Hercules,1/1/2020,10/5/2020
9781138831209,David,1/4/2020,2/12/2020
9780345503428,David,1/2/2020,3/5/2020
9780393324822,Gaston,1/5/2020,3/5/2020
9789241547079,Freya,1/4/2020,2/12/2020
9781583332894,Gaston,1/6/2020,10/5/2020
9780091939694,Freya,1/7/2020,2/12/2020
9780099590088,Alice,1/6/2020,3/5/2020
9781784701994,Freya,1/6/2020,3/5/2020
9781784703936,Gaston,1/2/2020,1/12/2020
9781473695986,Charlie,1/1/2020,3/5/2020
9780330523622,Elsa,1/7/2020,3/5/2020
9780857501004,Hercules,1/2/2020,2/2/2020
9781780723044,Gaston,1/7/2020,2/2/2020
9781846685828,Charlie,1/1/2020,2/2/2020
9781847946249,Hercules,1/7/2020,2/12/2020
9781925228601,Freya,1/7/2020,10/5/2020
9780141038872,Hercules,1/1/2020,2/12/2020
9780393609394,Bob,1/6/2020,1/12/2020
9781783962433,Elsa,1/4/2020,3/5/2020
9781848549562,Gaston,1/5/2020,1/12/2020
9780099302780,Hercules,1/6/2020,1/12/2020
9781450400244,Gaston,1/7/2020,2/12/2020
9780818402531,David,1/3/2020,3/5/2020
9781405930994,David,1/6/2020,2/12/2020
9780553176988,Gaston,1/1/2020,3/5/2020
9780330351690,Freya,1/6/2020,1/12/2020
9780552151740,Charlie,1/6/2020,3/5/2020
9781405937184,Bob,1/3/2020,1/12/2020
9780330533447,Elsa,1/5/2020,2/2/2020
9780486284958,Bob,1/7/2020,10/5/2020
9781607432388,Bob,1/7/2020,3/5/2020
9780007284870,Bob,1/7/2020,2/12/2020
9781473620919,David,1/5/2020,10/5/2020
9780141980805,Alice,1/2/2020,1/12/2020
9780321832016,Hercules,1/1/2020,10/5/2020
9780141985138,Elsa,1/6/2020,10/5/2020
9780141034591,Freya,1/5/2020,1/12/2020
9780330492270,Hercules,1/4/2020,2/2/2020
9780141981727,David,1/6/2020,3/5/2020
9781607749769,David,1/4/2020,10/5/2020
9780143113102,Gaston,1/1/2020,2/12/2020
9780241956182,Gaston,1/3/2020,2/2/2020
9780753557150,Elsa,1/7/2020,3/5/2020
9781572246959,Alice,1/1/2020,2/12/2020
9780399165245,Elsa,1/7/2020,2/2/2020
9780141991740,Charlie,1/7/2020,1/12/2020
9781771642484,Bob,1/7/2020,3/5/2020
9781908435132,Elsa,1/2/2020,1/12/2020
9780465026562,Charlie,1/3/2020,2/2/2020
9780198739838,Charlie,1/2/2020,10/5/2020
9781473680326,Hercules,1/3/2020,3/5/2020
9781781802571,Bob,1/3/2020,2/12/2020
9780141031484,Bob,1/4/2020,2/12/2020
9781472117113,Gaston,1/7/2020,2/2/2020
9780330492294,Hercules,1/3/2020,2/12/2020
9780198788607,Charlie,1/3/2020,1/12/2020
9780486272634,Gaston,1/2/2020,10/5/2020
9781903348345,Hercules,1/3/2020,3/5/2020
9781906427795,Hercules,1/7/2020,3/5/2020
9780552562966,Elsa,1/1/2020,2/12/2020
9780753809877,Alice,1/4/2020,3/5/2020
9780552778053,Freya,1/3/2020,10/5/2020
9781451683400,Charlie,1/5/2020,2/12/2020
9781447259947,Gaston,1/1/2020,3/5/2020
9780099173311,Elsa,1/4/2020,3/5/2020
9780470894521,Freya,1/4/2020,2/12/2020
9781626251137,Hercules,1/6/2020,2/12/2020
9781607432395,Elsa,1/2/2020,10/5/2020
9780007250929,Charlie,1/4/2020,2/12/2020
9780099575061,Alice,1/2/2020,10/5/2020
9780099519850,Bob,1/7/2020,1/12/2020
9780345539434,Alice,1/1/2020,3/5/2020
9780345409461,Freya,1/4/2020,10/5/2020
9781509822805,Hercules,1/2/2020,10/5/2020
9780330453677,Charlie,1/3/2020,1/12/2020
9780982978658,Freya,1/5/2020,10/5/2020
9781447275404,Alice,1/5/2020,2/2/2020
9781529110944,David,1/7/2020,3/5/2020
9781784741723,Hercules,1/2/2020,2/12/2020
9780306819117,Bob,1/2/2020,1/12/2020
9780141991443,Gaston,1/6/2020,2/12/2020
9781843547167,David,1/4/2020,10/5/2020
9780143109679,Charlie,1/6/2020,1/12/2020
9781784161927,Gaston,1/7/2020,10/5/2020
9780141981802,David,1/5/2020,10/5/2020
9780099478898,David,1/4/2020,2/2/2020
9781784700089,Gaston,1/4/2020,2/2/2020
9780307888440,Charlie,1/5/2020,1/12/2020
9781848549005,Gaston,1/1/2020,2/12/2020
9781784160753,Freya,1/7/2020,2/2/2020
9780143107521,Freya,1/3/2020,2/12/2020
9781781805473,Hercules,1/5/2020,1/12/2020
9780141988351,Bob,1/3/2020,2/12/2020
9781848313477,Gaston,1/2/2020,2/2/2020
9780241351574,Alice,1/1/2020,2/12/2020
9781781256848,Freya,1/6/2020,1/12/2020
9780141985411,Hercules,1/2/2020,2/12/2020
9780141983219,Bob,1/1/2020,1/12/2020
9780241270530,David,1/6/2020,3/5/2020
9780099584575,Gaston,1/6/2020,3/5/2020
9781471112683,Freya,1/7/2020,2/2/2020
9781603580557,Alice,1/4/2020,1/12/2020
9781119002253,David,1/6/2020,10/5/2020
9780007350544,Alice,1/7/2020,1/12/2020
9780718185541,Elsa,1/3/2020,3/5/2020
9780241341131,Bob,1/3/2020,2/12/2020
9780330523592,Alice,1/6/2020,1/12/2020
9781590173138,Alice,1/4/2020,1/12/2020
9780345376596,Hercules,1/6/2020,2/2/2020
9780143120537,Alice,1/3/2020,3/5/2020
9780307279460,Freya,1/6/2020,10/5/2020
9780143113997,Alice,1/1/2020,3/5/2020
9780141983042,Elsa,1/5/2020,2/2/2020
9780552775243,David,1/3/2020,1/12/2020
9780486450063,David,1/1/2020,10/5/2020
9781571313560,Freya,1/6/2020,2/12/2020
9780241951460,Freya,1/4/2020,3/5/2020
9781409184676,Gaston,1/2/2020,2/2/2020
9781409163862,Freya,1/5/2020,2/2/2020
9780099769514,Alice,1/2/2020,10/5/2020
9781784160029,Elsa,1/7/2020,1/12/2020
9780141979090,Bob,1/1/2020,2/2/2020
9780141975658,Charlie,1/4/2020,2/2/2020
9780141184944,Freya,1/5/2020,3/5/2020
9780553819229,Bob,1/3/2020,3/5/2020
9781743311325,Freya,1/2/2020,2/2/2020
9780241143803,Elsa,1/1/2020,1/12/2020
9781409173922,Freya,1/1/2020,2/12/2020
9780939616572,Freya,1/3/2020,3/5/2020
9781864471212,Hercules,1/5/2020,2/12/2020
9780983263371,David,1/3/2020,3/5/2020
9781847390547,Alice,1/7/2020,1/12/2020
9780517887295,Bob,1/7/2020,3/5/2020
9780226458120,Charlie,1/5/2020,1/12/2020
9780753808511,Charlie,1/3/2020,2/12/2020
9780807068779,Elsa,1/3/2020,10/5/2020
9780307352125,Hercules,1/5/2020,1/12/2020
9780141977812,Elsa,1/4/2020,1/12/2020
9780241958681,Freya,1/4/2020,10/5/2020
9781936891030,Hercules,1/6/2020,3/5/2020
9780241189450,Bob,1/2/2020,3/5/2020
9781784161859,Charlie,1/3/2020,3/5/2020
9780712670388,Alice,1/5/2020,3/5/2020
9780718196042,Elsa,1/2/2020,2/2/2020
9781938469350,Freya,1/6/2020,3/5/2020
9780968766538,Elsa,1/5/2020,10/5/2020
9781848312203,Elsa,1/2/2020,1/12/2020
9780226468013,David,1/7/2020,2/2/2020
9781400052189,Hercules,1/1/2020,2/12/2020
9780552778909,Bob,1/3/2020,2/12/2020
9781784742928,Hercules,1/6/2020,3/5/2020
9780062316097,Gaston,1/7/2020,3/5/2020
9780241398630,Charlie,1/7/2020,2/2/2020
9780062698148,Hercules,1/5/2020,2/2/2020
9780062562852,Alice,1/7/2020,2/2/2020
9781781256855,Bob,1/3/2020,1/12/2020
9781400033461,Gaston,1/1/2020,10/5/2020
9780141026169,Gaston,1/3/2020,10/5/2020
9780140192452,David,1/1/2020,3/5/2020
9781473688629,David,1/1/2020,3/5/2020
9781580085793,Alice,1/5/2020,2/2/2020
9781579128142,Bob,1/6/2020,2/2/2020
9780746087565,Elsa,1/1/2020,3/5/2020
9780141032139,Hercules,1/3/2020,2/12/2020
9781851687930,Gaston,1/5/2020,10/5/2020
9781853267802,Hercules,1/6/2020,10/5/2020
9780761163800,Hercules,1/1/2020,1/12/2020
9780393339758,David,1/3/2020,2/12/2020
9780198393511,Elsa,1/1/2020,3/5/2020
9780007256532,Elsa,1/4/2020,3/5/2020
9781526419521,Alice,1/1/2020,3/5/2020
9781935251743,Alice,1/6/2020,2/12/2020
9780857522412,Hercules,1/1/2020,2/12/2020
9780193727847,Bob,1/5/2020,2/12/2020
9780141981765,Charlie,1/5/2020,2/2/2020
9780393254594,Hercules,1/3/2020,2/2/2020
9781447278603,Hercules,1/7/2020,2/2/2020
9780007183036,Bob,1/5/2020,3/5/2020
9781401938697,David,1/7/2020,10/5/2020
9780593066126,Alice,1/3/2020,2/12/2020
9780064603065,Gaston,1/2/2020,10/5/2020
9780702253416,Hercules,1/1/2020,3/5/2020
9781454909538,Elsa,1/2/2020,10/5/2020
9780198393535,Freya,1/3/2020,1/12/2020
9780349107035,Gaston,1/4/2020,3/5/2020
9781408809594,Elsa,1/6/2020,2/2/2020
9780994392817,Elsa,1/5/2020,3/5/2020
9781451636024,Bob,1/7/2020,2/2/2020
9780140136296,Freya,1/6/2020,3/5/2020
9780521809269,Alice,1/6/2020,10/5/2020
9781849900010,Freya,1/1/2020,1/12/2020
9781506362946,David,1/7/2020,1/12/2020
9780241952702,Gaston,1/6/2020,3/5/2020
9780470487297,Alice,1/1/2020,1/12/2020
9780393347777,Charlie,1/7/2020,1/12/2020
9780553818499,Hercules,1/4/2020,10/5/2020
9780140276053,David,1/3/2020,1/12/2020
9780008241780,Gaston,1/5/2020,10/5/2020
9780307338402,Elsa,1/5/2020,2/2/2020
9781491910399,Hercules,1/6/2020,10/5/2020
9780141374109,Elsa,1/4/2020,2/2/2020
9780375709227,Bob,1/1/2020,2/12/2020
9780141035826,Bob,1/7/2020,2/2/2020
9781439148815,Alice,1/7/2020,1/12/2020
9780465025275,David,1/1/2020,1/12/2020
9781509805105,David,1/6/2020,2/12/2020
9781405924740,Elsa,1/2/2020,1/12/2020
9780241355213,Freya,1/1/2020,3/5/2020
9780099501640,Charlie,1/1/2020,2/12/2020
9780007214228,Gaston,1/2/2020,1/12/2020
9780199219223,Bob,1/5/2020,10/5/2020
9781909489400,Freya,1/7/2020,10/5/2020
9781408851241,Alice,1/6/2020,2/2/2020
9780141983479,Charlie,1/7/2020,1/12/2020
9780393712377,Elsa,1/3/2020,2/12/2020
9781426218460,David,1/1/2020,2/2/2020
9780321036636,Hercules,1/4/2020,10/5/2020
9781857028898,Gaston,1/3/2020,1/12/2020
9780679776390,Elsa,1/4/2020,10/5/2020
9780394720241,Gaston,1/7/2020,2/12/2020
9780099598473,Charlie,1/3/2020,2/2/2020
9788179925911,Elsa,1/7/2020,1/12/2020
9780141976228,Freya,1/7/2020,2/12/2020
9780593056974,Gaston,1/6/2020,3/5/2020
9781612129686,Bob,1/2/2020,10/5/2020
9780062301239,Charlie,1/1/2020,10/5/2020
9780140054101,Hercules,1/7/2020,1/12/2020
9781851687794,Elsa,1/5/2020,2/2/2020
9781787413719,Bob,1/4/2020,10/5/2020
9781910002742,Bob,1/6/2020,3/5/2020
9781617230127,Gaston,1/4/2020,3/5/2020
9781580081757,Charlie,1/5/2020,10/5/2020
9781760113643,Bob,1/5/2020,3/5/2020
9781782116615,Bob,1/5/2020,10/5/2020
9780761159131,Freya,1/7/2020,10/5/2020
9780141007458,Alice,1/1/2020,2/12/2020
9780141979243,Alice,1/1/2020,2/2/2020
9780143130444,Bob,1/7/2020,10/5/2020
9783791319902,Bob,1/3/2020,10/5/2020
9780716021896,Hercules,1/2/2020,3/5/2020
9781847948137,Elsa,1/7/2020,1/12/2020
9781848319158,Hercules,1/4/2020,2/12/2020
9780007902231,Hercules,1/6/2020,2/2/2020
9781471159459,Gaston,1/3/2020,1/12/2020
9780143791379,Elsa,1/4/2020,2/12/2020
9781841157917,Alice,1/3/2020,2/2/2020
9780099225614,Elsa,1/2/2020,3/5/2020
9781612125336,Freya,1/7/2020,1/12/2020
9781780229003,Bob,1/1/2020,3/5/2020
9781579128951,Hercules,1/4/2020,2/2/2020
9780241967874,Freya,1/2/2020,3/5/2020
9780486229874,Alice,1/7/2020,1/12/2020
9781921372742,Gaston,1/2/2020,2/2/2020
9780060915872,Freya,1/1/2020,2/2/2020
9780393338102,Gaston,1/2/2020,10/5/2020
9780198392118,Hercules,1/7/2020,1/12/2020
9780141984964,David,1/1/2020,2/12/2020
9780345345059,Bob,1/5/2020,3/5/2020
9780937381991,Elsa,1/5/2020,3/5/2020
9780393355628,Hercules,1/2/2020,10/5/2020
9781461471370,David,1/3/2020,2/12/2020
9780062014108,David,1/1/2020,1/12/2020
9780749386061,Gaston,1/7/2020,2/2/2020
9781781313619,Bob,1/2/2020,1/12/2020
9780394800189,Freya,1/5/2020,2/2/2020
9780241400517,Charlie,1/4/2020,2/2/2020
9780141975580,David,1/4/2020,2/12/2020
9780393354324,David,1/5/2020,2/2/2020
9780306812835,Hercules,1/1/2020,10/5/2020
9781607743880,Charlie,1/6/2020,10/5/2020
9780471295631,Hercules,1/6/2020,10/5/2020
9781626253735,Bob,1/2/2020,10/5/2020
9781780229072,Alice,1/2/2020,2/2/2020
9781568582894,Hercules,1/6/2020,10/5/2020
9780062843395,Gaston,1/7/2020,2/12/2020
9780062230171,Gaston,1/2/2020,3/5/2020
9780552776387,Charlie,1/3/2020,10/5/2020
9781847925909,Elsa,1/4/2020,2/12/2020
9780618494965,Charlie,1/1/2020,1/12/2020
9780062376589,Hercules,1/5/2020,2/2/2020
9780008125080,Bob,1/5/2020,3/5/2020
9781780897158,Hercules,1/2/2020,3/5/2020
9780767926102,Freya,1/7/2020,10/5/2020
9780099536796,Charlie,1/1/2020,10/5/2020
9781444727944,Bob,1/5/2020,2/12/2020
9781579129712,Bob,1/6/2020,1/12/2020
9780143038580,Bob,1/6/2020,1/12/2020
9781846467981,David,1/2/2020,1/12/2020
9780008226299,Charlie,1/2/2020,3/5/2020
9780099771111,Bob,1/2/2020,2/12/2020
9780241959596,Bob,1/6/2020,10/5/2020
9781786897244,Charlie,1/4/2020,3/5/2020
9781509838530,Charlie,1/5/2020,3/5/2020
9781471153884,David,1/5/2020,2/12/2020
9784774307602,David,1/5/2020,3/5/2020
9780141010014,Freya,1/5/2020,3/5/2020
9781845337315,Freya,1/2/2020,10/5/2020
9780062652416,Bob,1/2/2020,10/5/2020
9780143127536,Alice,1/2/2020,10/5/2020
9780061336461,Hercules,1/1/2020,2/2/2020
9781781250372,David,1/3/2020,3/5/2020
9781907704703,Alice,1/3/2020,10/5/2020
9781577319726,Charlie,1/5/2020,1/12/2020
9780060533229,Alice,1/1/2020,2/2/2020
9780061435188,Charlie,1/5/2020,1/12/2020
9780452297920,Charlie,1/3/2020,1/12/2020
9780007395828,David,1/4/2020,2/12/2020
9780099535478,Hercules,1/1/2020,2/12/2020
9780141983387,Elsa,1/7/2020,3/5/2020
9780393707878,Elsa,1/3/2020,3/5/2020
9780593077184,Hercules,1/1/2020,2/12/2020
9780241294758,Charlie,1/4/2020,2/12/2020
9780593076842,David,1/5/2020,2/2/2020
9781856230513,Hercules,1/5/2020,3/5/2020
9781401952471,Freya,1/7/2020,2/2/2020
9781509864928,David,1/1/2020,1/12/2020
9781911617549,Gaston,1/4/2020,1/12/2020
9781900322621,David,1/3/2020,2/2/2020
9780143037880,Hercules,1/4/2020,3/5/2020
9780141011455,Freya,1/3/2020,10/5/2020
9781849909679,Hercules,1/3/2020,2/12/2020
9780141047546,Gaston,1/7/2020,2/12/2020
9781451616835,Hercules,1/3/2020,1/12/2020
9780875420288,David,1/5/2020,1/12/2020
9781473611771,Freya,1/1/2020,2/2/2020
9780141975344,Hercules,1/2/2020,10/5/2020
9780071825108,Elsa,1/3/2020,3/5/2020
9781909489417,Alice,1/5/2020,3/5/2020
9780898158397,Alice,1/3/2020,2/12/2020
9780141982410,Elsa,1/5/2020,2/12/2020
9781447959755,David,1/2/2020,3/5/2020
9781426207556,Bob,1/7/2020,3/5/2020
9780393351378,David,1/3/2020,1/12/2020
9781611800654,David,1/1/2020,10/5/2020
9781583333785,Hercules,1/5/2020,2/2/2020
9780141975863,Freya,1/7/2020,2/2/2020
9781885071620,David,1/2/2020,3/5/2020
9780393337174,Charlie,1/3/2020,2/12/2020
9780064467018,Gaston,1/4/2020,10/5/2020
9780143110378,Gaston,1/1/2020,2/2/2020
9780753552568,David,1/5/2020,3/5/2020
9781473637313,Hercules,1/1/2020,3/5/2020
9780060936778,Hercules,1/2/2020,2/12/2020
9780241360231,Elsa,1/2/2020,2/12/2020
9780553815221,Bob,1/5/2020,3/5/2020
9780008172039,Elsa,1/6/2020,2/12/2020
9780670038305,Hercules,1/4/2020,3/5/2020
9781292085609,Hercules,1/1/2020,2/12/2020
9780571218332,Bob,1/3/2020,1/12/2020
9781782112464,Bob,1/4/2020,2/12/2020
9780486241388,Gaston,1/6/2020,3/5/2020
9780141399959,David,1/5/2020,10/5/2020
9780618249060,Gaston,1/2/2020,2/12/2020
9780226239736,Alice,1/4/2020,10/5/2020
9780143122012,Alice,1/5/2020,10/5/2020
9781603587631,Gaston,1/5/2020,2/2/2020
9780007386901,Elsa,1/2/2020,3/5/2020
9780465023820,Elsa,1/4/2020,1/12/2020
9780878936137,Elsa,1/1/2020,2/2/2020
9780399183645,Freya,1/4/2020,2/2/2020
9780062906717,Freya,1/1/2020,3/5/2020
9780241351567,Alice,1/2/2020,2/2/2020
9780761180517,Bob,1/2/2020,1/12/2020
9781847672360,Charlie,1/4/2020,1/12/2020
9781760291327,Gaston,1/4/2020,10/5/2020
9781846883668,Charlie,1/7/2020,3/5/2020
9780307387943,Hercules,1/4/2020,2/12/2020
9780822346333,Bob,1/2/2020,3/5/2020
9780241954638,David,1/3/2020,2/2/2020
9781784874025,Elsa,1/2/2020,2/2/2020
9781451607130,Charlie,1/2/2020,1/12/2020
9781782183242,Elsa,1/5/2020,2/2/2020
9781597143158,Charlie,1/4/2020,2/12/2020
9780393350388,Alice,1/3/2020,3/5/2020
9780141011110,Gaston,1/3/2020,10/5/2020
9781784291228,Charlie,1/2/2020,2/12/2020
9780062429667,Hercules,1/7/2020,1/12/2020
9780970700612,Gaston,1/2/2020,2/12/2020
9780586091715,Bob,1/5/2020,2/12/2020
9780241360194,Hercules,1/1/2020,2/2/2020
9781451624465,Bob,1/4/2020,2/2/2020
9781509837526,Gaston,1/3/2020,2/12/2020
9780060530891,Elsa,1/4/2020,2/12/2020
9780060731335,Charlie,1/7/2020,2/12/2020
9781476748368,Hercules,1/4/2020,3/5/2020
9780141012933,David,1/7/2020,2/2/2020
9781107604667,Bob,1/7/2020,3/5/2020
9780062731005,David,1/3/2020,3/5/2020
9781408842812,Alice,1/4/2020,2/12/2020
9780241365434,Hercules,1/5/2020,3/5/2020
9780717180158,Elsa,1/5/2020,10/5/2020
9781856230919,Elsa,1/5/2020,3/5/2020
9780387848570,Elsa,1/6/2020,1/12/2020
9780822362241,Charlie,1/1/2020,10/5/2020
9780936070520,Bob,1/2/2020,10/5/2020
9781851688234,Hercules,1/5/2020,1/12/2020
9780062731029,Alice,1/2/2020,2/12/2020
9781925603941,Elsa,1/5/2020,10/5/2020
9780552778992,Freya,1/1/2020,2/2/2020
9780141975627,Charlie,1/5/2020,1/12/2020
9781446200469,Hercules,1/2/2020,1/12/2020
9780307278821,Gaston,1/7/2020,2/12/2020
9781780748481,Charlie,1/3/2020,10/5/2020
9781607748892,David,1/2/2020,2/12/2020
9780199678112,Freya,1/2/2020,3/5/2020
9780141978956,Bob,1/6/2020,2/12/2020
9781406387155,David,1/1/2020,1/12/2020
9780470618363,Freya,1/6/2020,2/2/2020
9780099282556,Hercules,1/3/2020,10/5/2020
9780007488841,Elsa,1/3/2020,2/2/2020
9780300078152,David,1/6/2020,2/2/2020
9781509805099,Hercules,1/5/2020,1/12/2020
9780141046495,Freya,1/6/2020,1/12/2020
9780141988870,David,1/6/2020,2/2/2020
9781846276378,Bob,1/7/2020,3/5/2020
9780340895900,David,1/2/2020,2/12/2020
9789569569067,Charlie,1/4/2020,1/12/2020
9781783350827,Hercules,1/2/2020,10/5/2020
9780205548743,David,1/2/2020,1/12/2020
9781847947437,Charlie,1/1/2020,2/12/2020
9781851687879,David,1/4/2020,1/12/2020
9780062376558,Elsa,1/2/2020,3/5/2020
9781119952879,Elsa,1/2/2020,10/5/2020
9781607742456,Freya,1/4/2020,2/2/2020
9780198393559,Gaston,1/3/2020,2/12/2020
9780143117001,Bob,1/1/2020,10/5/2020
9780141985015,Bob,1/6/2020,2/2/2020
9781447264064,Hercules,1/3/2020,1/12/2020
9781856233019,Gaston,1/4/2020,1/12/2020
9781784700171,Charlie,1/7/2020,3/5/2020
9780231133135,Hercules,1/1/2020,2/2/2020
9781848872271,David,1/4/2020,2/2/2020
9780465030798,Hercules,1/3/2020,3/5/2020
9781452136219,Alice,1/6/2020,3/5/2020
9780385479561,Alice,1/7/2020,1/12/2020
9780300245929,Freya,1/2/2020,3/5/2020
9780241955185,Freya,1/2/2020,1/12/2020
9780141026473,Gaston,1/3/2020,2/12/2020
9781501144325,Alice,1/2/2020,3/5/2020
9780812982220,David,1/1/2020,1/12/2020
9781846468018,Charlie,1/4/2020,1/12/2020
9780865428713,Bob,1/1/2020,2/12/2020
9780435519100,Hercules,1/1/2020,10/5/2020
9780006532361,Freya,1/7/2020,3/5/2020
9780099563587,Gaston,1/3/2020,2/12/2020
9780198426981,Alice,1/4/2020,2/2/2020
9781911617679,Bob,1/1/2020,10/5/2020
9781845296841,Bob,1/4/2020,10/5/2020
9781450413985,Alice,1/5/2020,1/12/2020
9780099575832,Bob,1/5/2020,2/2/2020
9780312382155,Hercules,1/7/2020,3/5/2020
9781597265737,David,1/2/2020,1/12/2020
9781250062185,Hercules,1/3/2020,1/12/2020
9780393061314,David,1/1/2020,2/2/2020
9781760634391,Elsa,1/1/2020,10/5/2020
9781501144318,Alice,1/2/2020,2/2/2020
9780141988436,Bob,1/1/2020,1/12/2020
9781579128883,Gaston,1/1/2020,2/12/2020
9781405336994,Freya,1/2/2020,10/5/2020
9780141026183,Gaston,1/2/2020,10/5/2020
9780008294281,Bob,1/7/2020,1/12/2020
9780199230853,David,1/3/2020,3/5/2020
9780099289920,Elsa,1/7/2020,3/5/2020
9780199218462,Alice,1/2/2020,2/12/2020
9780691164076,Alice,1/1/2020,2/2/2020
9780593080399,Hercules,1/5/2020,2/2/2020
9780688069711,Elsa,1/5/2020,2/2/2020
9780316423915,Charlie,1/3/2020,3/5/2020
9781905862481,Bob,1/4/2020,1/12/2020
9781570916014,Bob,1/7/2020,1/12/2020
9780060556570,Freya,1/2/2020,1/12/2020
9780691157245,David,1/1/2020,1/12/2020
9780892817498,Bob,1/2/2020,3/5/2020
9781780899602,Bob,1/1/2020,10/5/2020
9781847924360,David,1/6/2020,10/5/2020
9780008151553,Charlie,1/5/2020,2/12/2020
9780552125550,David,1/6/2020,10/5/2020
9780684846347,David,1/1/2020,1/12/2020
9780316051637,Bob,1/2/2020,2/12/2020
9781409355717,Charlie,1/7/2020,1/12/2020
9780241338681,Gaston,1/7/2020,2/2/2020
9780141027586,Bob,1/7/2020,2/12/2020
9781787331358,Freya,1/1/2020,10/5/2020
9781405340410,Charlie,1/2/2020,1/12/2020
9780007149537,David,1/4/2020,1/12/2020
9780500519363,Hercules,1/7/2020,1/12/2020
9781408889213,Elsa,1/7/2020,10/5/2020
9781400032051,Elsa,1/4/2020,3/5/2020
9780465062881,Bob,1/5/2020,1/12/2020
9780007584055,Alice,1/7/2020,10/5/2020
9780552152181,Alice,1/1/2020,3/5/2020
9780525428084,Freya,1/3/2020,3/5/2020
9781408824832,Freya,1/7/2020,2/2/2020
9780141030883,Freya,1/5/2020,10/5/2020
9780192853615,Gaston,1/6/2020,10/5/2020
9781409383468,Alice,1/3/2020,2/2/2020
9780375713699,Bob,1/7/2020,2/12/2020
9780241237861,Bob,1/1/2020,2/2/2020
9780747597209,Charlie,1/2/2020,10/5/2020
9780062316110,Freya,1/5/2020,3/5/2020
9780715328088,Gaston,1/6/2020,2/12/2020
9780099281993,Freya,1/6/2020,1/12/2020
9780241309933,Freya,1/4/2020,10/5/2020
9780813595832,Bob,1/1/2020,10/5/2020
9780544272996,Freya,1/5/2020,3/5/2020
9780963009609,Hercules,1/3/2020,10/5/2020
9780393310726,David,1/1/2020,3/5/2020
9780865717756,Bob,1/2/2020,1/12/2020
9780007341399,Elsa,1/1/2020,2/12/2020
9781473615229,Elsa,1/5/2020,3/5/2020
9780340919439,Elsa,1/3/2020,1/12/2020
9780060884611,Freya,1/7/2020,3/5/2020
9780451529060,Alice,1/6/2020,2/2/2020
9780670025503,Freya,1/4/2020,3/5/2020
9780062086440,Bob,1/6/2020,3/5/2020
9781846467998,Hercules,1/7/2020,2/2/2020
9780140278163,Freya,1/1/2020,3/5/2020
9781608193943,Charlie,1/3/2020,2/2/2020
9780807068878,Charlie,1/6/2020,2/2/2020
9780241960455,Bob,1/6/2020,10/5/2020
9781119345237,Bob,1/7/2020,10/5/2020
9780571233571,Elsa,1/6/2020,2/12/2020
9781848310353,Charlie,1/4/2020,1/12/2020
9781491912058,David,1/5/2020,2/12/2020
9781292183398,Gaston,1/7/2020,10/5/2020
9780008210038,Hercules,1/7/2020,2/2/2020
9780465025268,Charlie,1/7/2020,10/5/2020
9781846044496,Elsa,1/7/2020,10/5/2020
9780307740984,Charlie,1/3/2020,2/12/2020
9780670919710,Gaston,1/7/2020,2/2/2020
9781408888469,Bob,1/6/2020,1/12/2020
9780241399361,Elsa,1/6/2020,2/12/2020
9781846276125,Charlie,1/5/2020,2/2/2020
9780753541470,Gaston,1/1/2020,10/5/2020
9780471134473,Elsa,1/5/2020,3/5/2020
9781603584555,Elsa,1/1/2020,10/5/2020
9780851319056,Freya,1/1/2020,2/2/2020
9781564784018,Hercules,1/4/2020,2/2/2020
9781416542742,Hercules,1/2/2020,2/12/2020
9780753513576,David,1/7/2020,1/12/2020
9781604690958,Alice,1/2/2020,2/2/2020
9781509809936,Bob,1/1/2020,2/2/2020
9780190469412,Alice,1/3/2020,2/12/2020
9781607439431,Gaston,1/5/2020,3/5/2020
9781409350156,Charlie,1/5/2020,3/5/2020
9780435519117,David,1/5/2020,10/5/2020
9780618057078,Hercules,1/4/2020,2/12/2020
9781107628199,Alice,1/7/2020,2/2/2020
9781780226897,David,1/4/2020,1/12/2020
9781841195520,Hercules,1/4/2020,2/12/2020
9781604860801,Hercules,1/5/2020,3/5/2020
9780465024933,Freya,1/4/2020,3/5/2020
9780060930721,Charlie,1/2/2020,1/12/2020
9781447263661,Hercules,1/3/2020,2/2/2020
9780307278128,Freya,1/7/2020,2/12/2020
9780387310732,Gaston,1/7/2020,3/5/2020
9780865479180,Alice,1/4/2020,2/12/2020
9780345346292,Charlie,1/6/2020,2/12/2020
9780198390114,Bob,1/2/2020,1/12/2020
9780552777506,David,1/3/2020,2/2/2020
9780582411272,Bob,1/3/2020,10/5/2020
9781473628595,Gaston,1/5/2020,3/5/2020
9780593076835,Bob,1/5/2020,10/5/2020
9780830837045,Freya,1/3/2020,2/2/2020
9780062223227,Hercules,1/7/2020,1/12/2020
9781451624434,Charlie,1/7/2020,10/5/2020
9780330458078,Bob,1/3/2020,3/5/2020
9780141014630,Alice,1/4/2020,10/5/2020
9780241349649,Hercules,1/4/2020,2/2/2020
9780062429650,Freya,1/5/2020,3/5/2020
9780544483941,Hercules,1/3/2020,1/12/2020
9781583943977,Hercules,1/4/2020,3/5/2020
9781612197494,Hercules,1/1/2020,1/12/2020
9780440229124,Hercules,1/5/2020,2/12/2020
9780345326492,Hercules,1/5/2020,1/12/2020
9780316133760,Hercules,1/3/2020,2/2/2020
9780435519124,Hercules,1/5/2020,2/12/2020
9781910002704,Alice,1/6/2020,3/5/2020
9781439171226,David,1/1/2020,2/2/2020
9781591431350,Charlie,1/6/2020,10/5/2020
9788499926223,Freya,1/3/2020,10/5/2020
9780393350647,Hercules,1/7/2020,1/12/2020
9781878348609,Elsa,1/4/2020,2/2/2020
9781401926311,Alice,1/2/2020,10/5/2020
9780143128298,Alice,1/7/2020,3/5/2020
9781905172863,Hercules,1/1/2020,3/5/2020
9781292232539,David,1/3/2020,2/12/2020
9781452117249,Bob,1/2/2020,10/5/2020
9781680450262,Freya,1/1/2020,2/2/2020
9781785040450,Elsa,1/3/2020,3/5/2020
9780195007770,Charlie,1/7/2020,10/5/2020
9780982978665,Freya,1/7/2020,1/12/2020
9781409345718,David,1/3/2020,10/5/2020
9780007448319,David,1/5/2020,1/12/2020
9780870714993,Gaston,1/2/2020,2/12/2020
9781847925398,Charlie,1/7/2020,2/2/2020
9781783961412,Alice,1/4/2020,1/12/2020
9781609619114,Gaston,1/1/2020,10/5/2020
9781474606455,Elsa,1/5/2020,2/12/2020
9780060845506,Charlie,1/2/2020,2/12/2020
9780802778130,Gaston,1/2/2020,1/12/2020
9781491952962,Hercules,1/4/2020,10/5/2020
9781452117270,Bob,1/3/2020,2/2/2020
9781785033506,Bob,1/3/2020,2/12/2020
9781603584449,Charlie,1/7/2020,2/2/2020
9780195573954,Alice,1/2/2020,10/5/2020
9780091865122,David,1/5/2020,3/5/2020
9780552157629,Alice,1/4/2020,3/5/2020
9781848319929,Hercules,1/5/2020,10/5/2020
9780141017969,Bob,1/7/2020,10/5/2020
9781906860165,Hercules,1/4/2020,1/12/2020
9781849909655,Freya,1/2/2020,1/12/2020
9780521867443,Freya,1/4/2020,1/12/2020
9781785034466,Elsa,1/2/2020,3/5/2020
9780452295544,Gaston,1/4/2020,2/2/2020
9780007488803,David,1/2/2020,2/2/2020
9781400080793,Hercules,1/2/2020,2/12/2020
9780615653631,Hercules,1/4/2020,10/5/2020
9781612120898,Freya,1/4/2020,1/12/2020
9780670075928,David,1/7/2020,3/5/2020
9780141978048,Gaston,1/2/2020,1/12/2020
9781607439424,Gaston,1/2/2020,2/2/2020
9781783351152,David,1/5/2020,10/5/2020
9780954452933,Gaston,1/5/2020,1/12/2020
9781848315891,Bob,1/4/2020,2/2/2020
9780141985756,Alice,1/6/2020,2/2/2020
9780807068793,Bob,1/6/2020,1/12/2020
9781784758578,Hercules,1/7/2020,10/5/2020
9781319108243,Freya,1/2/2020,2/12/2020
9780198301783,Freya,1/7/2020,2/2/2020
9781846682629,Freya,1/5/2020,10/5/2020
9780241302149,Gaston,1/7/2020,2/12/2020
9781118021743,Hercules,1/2/2020,3/5/2020
9780393334777,Freya,1/2/2020,1/12/2020
9780544002340,Hercules,1/5/2020,2/2/2020
9780241981979,Alice,1/3/2020,2/2/2020
9780764125959,Alice,1/3/2020,1/12/2020
9780198301790,Bob,1/5/2020,1/12/2020
9780822339175,Alice,1/5/2020,2/12/2020
9781473902497,Hercules,1/2/2020,2/2/2020
9781451677614,Charlie,1/3/2020,2/2/2020
9781784163068,Elsa,1/5/2020,2/2/2020
9780613685726,Freya,1/7/2020,2/12/2020
9780007225743,David,1/2/2020,2/12/2020
9781848094772,David,1/3/2020,1/12/2020
9781471135262,Bob,1/7/2020,1/12/2020
9780691147215,Bob,1/7/2020,2/12/2020
9781925501629,Freya,1/5/2020,2/12/2020
9781108439589,Charlie,1/1/2020,3/5/2020
9780865475878,Alice,1/1/2020,10/5/2020
9780465075683,Gaston,1/3/2020,3/5/2020
9781541644632,Freya,1/6/2020,1/12/2020
9781451697681,Gaston,1/1/2020,2/2/2020
9780008353742,Elsa,1/3/2020,1/12/2020
9780193727861,Alice,1/1/2020,1/12/2020
9780099597827,Alice,1/1/2020,1/12/2020
9780448437644,Bob,1/1/2020,3/5/2020
9781847925015,Elsa,1/2/2020,3/5/2020
9780143118053,Charlie,1/7/2020,10/5/2020
9781912836017,Gaston,1/5/2020,10/5/2020
9781250118363,Freya,1/1/2020,1/12/2020
9780008305666,Hercules,1/3/2020,2/2/2020
9781594202292,Alice,1/7/2020,2/12/2020
9781473647770,Charlie,1/6/2020,2/12/2020
9780198392132,Hercules,1/7/2020,10/5/2020
9780060926717,Freya,1/5/2020,1/12/2020
9781861978189,Bob,1/5/2020,2/2/2020
9780593074305,Gaston,1/5/2020,10/5/2020
9780553103748,Hercules,1/2/2020,10/5/2020
9781760295486,Freya,1/7/2020,3/5/2020
9781595948151,Hercules,1/5/2020,2/2/2020
9781501121470,David,1/2/2020,2/12/2020
9780195105193,Freya,1/5/2020,2/12/2020
9781623172435,David,1/1/2020,2/2/2020
9780553380163,Elsa,1/3/2020,3/5/2020
9780993597503,Freya,1/6/2020,2/12/2020
9780198745587,David,1/1/2020,1/12/2020
9781783199358,David,1/5/2020,1/12/2020
9781847924766,Freya,1/5/2020,10/5/2020
9780812981445,Freya,1/5/2020,10/5/2020
9780143118244,Hercules,1/4/2020,10/5/2020
9781509530571,Alice,1/6/2020,3/5/2020
9780241300756,Bob,1/5/2020,2/12/2020
9780198392125,David,1/6/2020,2/12/2020
9781925321814,David,1/7/2020,10/5/2020
9781909621985,Alice,1/6/2020,10/5/2020
9780679644330,Charlie,1/1/2020,3/5/2020
9780465023950,Gaston,1/5/2020,1/12/2020
9780552150729,David,1/2/2020,3/5/2020
9781509809950,Freya,1/3/2020,1/12/2020
9780553806847,Freya,1/7/2020,1/12/2020
9781780272092,Charlie,1/1/2020,1/12/2020
9780415278447,Alice,1/6/2020,10/5/2020
9780717180936,Hercules,1/4/2020,10/5/2020
9780500810309,Elsa,1/6/2020,2/12/2020
9780224086356,Alice,1/5/2020,1/12/2020
9780486663524,Charlie,1/6/2020,10/5/2020
9781844089079,Gaston,1/6/2020,2/12/2020
9780310492177,Gaston,1/5/2020,2/2/2020
9780815344643,Charlie,1/3/2020,3/5/2020
9781107636828,David,1/7/2020,3/5/2020
9780679742449,Elsa,1/4/2020,10/5/2020
9780399533457,Alice,1/7/2020,1/12/2020
9780345379184,Bob,1/6/2020,10/5/2020
9781786076335,Elsa,1/2/2020,3/5/2020
9781780723723,Gaston,1/5/2020,2/12/2020
9781606064290,Alice,1/3/2020,2/2/2020
9781782395508,Bob,1/4/2020,2/2/2020
9781925228779,Hercules,1/2/2020,3/5/2020
9780435519094,Elsa,1/1/2020,10/5/2020
9781925556117,Gaston,1/5/2020,2/2/2020
9781783706822,Bob,1/6/2020,2/2/2020
9781771643481,Elsa,1/1/2020,2/2/2020
9780753811412,David,1/2/2020,10/5/2020
9780198399148,Alice,1/5/2020,2/2/2020
9780375760396,Charlie,1/4/2020,1/12/2020
9781890132347,Alice,1/3/2020,10/5/2020
9781450413992,Charlie,1/2/2020,10/5/2020
9781420933710,Elsa,1/7/2020,2/12/2020
9781426217777,David,1/6/2020,1/12/2020
9781107697690,Alice,1/6/2020,3/5/2020
9780071390118,Charlie,1/3/2020,2/2/2020
9780141034898,Bob,1/2/2020,2/12/2020
9780064603072,Freya,1/7/2020,10/5/2020
9780747566694,Bob,1/1/2020,2/2/2020
9780192802521,Bob,1/2/2020,1/12/2020
9780743222099,David,1/1/2020,1/12/2020
9781847924711,Charlie,1/5/2020,1/12/2020
9781607439455,Freya,1/1/2020,2/2/2020
9781785783180,Charlie,1/4/2020,2/12/2020
9781846688911,Bob,1/2/2020,2/2/2020
9780593048153,David,1/3/2020,1/12/2020
9780730311058,Freya,1/3/2020,2/2/2020
9780486227085,Elsa,1/7/2020,2/2/2020
9781451616316,David,1/1/2020,10/5/2020
9781509821822,Freya,1/6/2020,10/5/2020
9780192853929,Gaston,1/3/2020,3/5/2020
9780316391221,Freya,1/5/2020,1/12/2020
9780198713395,Freya,1/2/2020,3/5/2020
9781607439448,Gaston,1/7/2020,2/2/2020
9780435519070,Bob,1/3/2020,2/2/2020
9781107638457,Bob,1/3/2020,2/2/2020
9780061767906,David,1/1/2020,2/12/2020
9781447273370,David,1/4/2020,2/2/2020
9781474613408,Hercules,1/7/2020,10/5/2020
9780141005171,Freya,1/3/2020,1/12/2020
9781416526124,Elsa,1/7/2020,2/2/2020
9780224091626,Bob,1/2/2020,2/12/2020
9781584690320,Bob,1/4/2020,1/12/2020
9781849352604,Elsa,1/3/2020,10/5/2020
9781846685323,David,1/5/2020,3/5/2020
9780521177238,Hercules,1/7/2020,10/5/2020
9780241304846,Gaston,1/7/2020,3/5/2020
9780064467100,Gaston,1/4/2020,10/5/2020
9781786030504,Elsa,1/3/2020,1/12/2020
9780571325245,Hercules,1/6/2020,10/5/2020
9780199919758,Hercules,1/4/2020,2/12/2020
9781476709581,Elsa,1/6/2020,10/5/2020
9781473660205,Hercules,1/4/2020,2/2/2020
9780892968206,Elsa,1/7/2020,2/2/2020
9780865477728,Alice,1/2/2020,2/2/2020
9780141987491,Gaston,1/3/2020,1/12/2020
9780091951702,Alice,1/2/2020,3/5/2020
9781945644573,Hercules,1/5/2020,2/2/2020
9780767908184,Elsa,1/2/2020,2/12/2020
9780715647332,Elsa,1/2/2020,2/2/2020
9781118583180,Elsa,1/2/2020,2/2/2020
9781107570078,Gaston,1/4/2020,2/12/2020
9780241269152,Alice,1/3/2020,2/2/2020
9780143572817,Gaston,1/3/2020,10/5/2020
9781119293460,Bob,1/6/2020,1/12/2020
9781584230700,Elsa,1/1/2020,1/12/2020
9780982978689,Bob,1/1/2020,2/2/2020
9780721708027,Freya,1/1/2020,2/12/2020
9780062464316,Elsa,1/1/2020,1/12/2020
9780120884674,Elsa,1/6/2020,2/2/2020
9780241295595,Alice,1/3/2020,2/12/2020
9780198821267,David,1/1/2020,3/5/2020
9780465025015,Charlie,1/5/2020,2/12/2020
9781783963034,Gaston,1/6/2020,2/12/2020
9780199270293,Gaston,1/5/2020,2/2/2020
9781451641431,Alice,1/2/2020,2/2/2020
9781786071033,Gaston,1/3/2020,2/2/2020
9780857020611,Alice,1/2/2020,2/2/2020
9781592539260,Elsa,1/7/2020,2/2/2020
9781402788291,Alice,1/7/2020,10/5/2020
9780486653556,Alice,1/1/2020,3/5/2020
9780062202697,David,1/3/2020,3/5/2020
9781617230158,Freya,1/6/2020,2/2/2020
9781845296742,Alice,1/2/2020,2/2/2020
9781509830060,Elsa,1/3/2020,3/5/2020
9780241410738,David,1/6/2020,2/2/2020
9780199216819,Hercules,1/2/2020,2/2/2020
9780241282076,David,1/7/2020,2/12/2020
9781447286349,Charlie,1/1/2020,2/12/2020
9781594204111,Elsa,1/3/2020,2/2/2020
9781603761987,Freya,1/4/2020,3/5/2020
9780198784920,David,1/7/2020,2/2/2020
9780241309599,Hercules,1/3/2020,2/2/2020
9781585423316,Bob,1/1/2020,3/5/2020
9780786819881,Elsa,1/4/2020,1/12/2020
9780857503572,Bob,1/6/2020,10/5/2020
9780816689231,Alice,1/7/2020,2/2/2020
9781591430773,Hercules,1/1/2020,1/12/2020
9780064451994,Freya,1/4/2020,2/2/2020
9780060894085,Hercules,1/7/2020,1/12/2020
9780679776314,Freya,1/4/2020,1/12/2020
9780989432825,David,1/7/2020,3/5/2020
9780761189534,Elsa,1/6/2020,2/12/2020
9781444797145,David,1/3/2020,2/2/2020
9780099540281,Charlie,1/2/2020,2/2/2020
9780486432083,Elsa,1/3/2020,1/12/2020
9781409156628,Charlie,1/5/2020,10/5/2020
9780385495325,Elsa,1/6/2020,2/2/2020
9781848311503,Alice,1/6/2020,1/12/2020
9780553371307,Freya,1/6/2020,2/2/2020
9781849161572,Elsa,1/7/2020,2/12/2020
9780007452675,Hercules,1/3/2020,2/2/2020
9781250094599,Charlie,1/5/2020,2/12/2020
9780099288763,Gaston,1/2/2020,2/12/2020
9780393706420,David,1/1/2020,3/5/2020
9781593276881,Charlie,1/7/2020,1/12/2020
9780141986067,Bob,1/3/2020,1/12/2020
9781471809309,Alice,1/4/2020,2/2/2020
9780892819782,Alice,1/6/2020,1/12/2020
9781623172480,Elsa,1/5/2020,2/12/2020
9780743215367,Elsa,1/7/2020,3/5/2020
9781328879981,Hercules,1/3/2020,2/12/2020
9781610917438,Freya,1/4/2020,2/12/2020
9780743255356,Gaston,1/6/2020,1/12/2020
9780307473332,Charlie,1/1/2020,2/2/2020
9780755302819,Alice,1/2/2020,2/12/2020
9780525534075,Hercules,1/2/2020,10/5/2020
9781921844997,Alice,1/4/2020,1/12/2020
9780688172176,Elsa,1/1/2020,1/12/2020
9780060988470,Bob,1/7/2020,10/5/2020
9780099913801,Gaston,1/3/2020,10/5/2020
9780198399179,Freya,1/3/2020,1/12/2020
9781999683382,Freya,1/1/2020,3/5/2020
9780486256641,Bob,1/1/2020,10/5/2020
9780486223407,Alice,1/5/2020,3/5/2020
9781781808467,Bob,1/4/2020,3/5/2020
9780761185697,Gaston,1/2/2020,2/2/2020
9780198427162,Elsa,1/2/2020,1/12/2020
9780553824872,Charlie,1/4/2020,2/2/2020
9780007264094,Elsa,1/1/2020,2/2/2020
9780674948396,Alice,1/1/2020,2/2/2020
9780141989020,Freya,1/7/2020,2/12/2020
9780393335286,Bob,1/4/2020,1/12/2020
9780970601971,Alice,1/6/2020,10/5/2020
9781473696396,Elsa,1/7/2020,2/2/2020
9780198716983,Charlie,1/4/2020,1/12/2020
9780142001615,Alice,1/6/2020,2/12/2020
9780199537075,Freya,1/7/2020,3/5/2020
9780062506528,David,1/5/2020,10/5/2020
9781846041556,Elsa,1/6/2020,1/12/2020
9780241338377,Hercules,1/7/2020,2/2/2020
9781414334158,David,1/4/2020,10/5/2020
9780099592068,Alice,1/1/2020,2/2/2020
9780747563006,Elsa,1/2/2020,3/5/2020
9781853264764,Alice,1/7/2020,1/12/2020
9780330442374,Freya,1/3/2020,10/5/2020
9780823015528,Bob,1/5/2020,2/2/2020
9781452108223,Elsa,1/7/2020,2/2/2020
9780132019866,Freya,1/6/2020,10/5/2020
9780307473349,Alice,1/3/2020,2/2/2020
9780141030906,Bob,1/2/2020,2/12/2020
9780241254684,Hercules,1/6/2020,1/12/2020
9781570618406,Gaston,1/1/2020,3/5/2020
9780241346952,Charlie,1/7/2020,10/5/2020
9781594485381,David,1/1/2020,10/5/2020
9781571109989,Freya,1/6/2020,1/12/2020
9781604693140,Elsa,1/7/2020,2/12/2020
9780140447965,Bob,1/7/2020,2/2/2020
9780553277371,Hercules,1/3/2020,1/12/2020
9781440572517,Alice,1/2/2020,2/12/2020
9781561706020,Bob,1/7/2020,3/5/2020
9780679763994,Elsa,1/5/2020,2/2/2020
9780061689093,Hercules,1/7/2020,3/5/2020
9780857523716,Gaston,1/6/2020,3/5/2020
9780553378252,Gaston,1/5/2020,1/12/2020
9780446676137,Alice,1/2/2020,3/5/2020
9781527219366,David,1/5/2020,3/5/2020
9781509864911,Alice,1/1/2020,3/5/2020
9781610392334,Elsa,1/7/2020,3/5/2020
9780435519162,Hercules,1/3/2020,3/5/2020
9780571222865,Gaston,1/5/2020,1/12/2020
9781904263043,Elsa,1/3/2020,2/12/2020
9780470229057,Elsa,1/4/2020,10/5/2020
9780008241766,Alice,1/4/2020,2/2/2020
9780936070117,Charlie,1/4/2020,10/5/2020
9781119548195,David,1/2/2020,2/12/2020
9780226526812,Alice,1/4/2020,1/12/2020
9780141037912,Charlie,1/5/2020,3/5/2020
9780753817650,Gaston,1/1/2020,3/5/2020
9780763615925,Alice,1/2/2020,1/12/2020
9781473630093,Charlie,1/3/2020,3/5/2020
9781591795230,Alice,1/1/2020,10/5/2020
9781603420853,Freya,1/1/2020,2/2/2020
9781474606530,Alice,1/5/2020,10/5/2020
9781447284109,Gaston,1/1/2020,3/5/2020
9780190865979,Freya,1/1/2020,10/5/2020
9780310494607,David,1/4/2020,2/12/2020
9780486474175,Alice,1/5/2020,10/5/2020
9780393324822,Bob,1/2/2020,10/5/2020
9781405328319,Gaston,1/7/2020,2/2/2020
9780393339918,David,1/7/2020,10/5/2020
9780091949808,Elsa,1/3/2020,2/2/2020
9780747232711,Elsa,1/7/2020,1/12/2020
9780394703909,Elsa,1/1/2020,1/12/2020
9781517902377,Freya,1/7/2020,1/12/2020
9780486443607,Elsa,1/4/2020,3/5/2020
9780393705096,Freya,1/4/2020,1/12/2020
9781847924551,Hercules,1/5/2020,3/5/2020
9780143772804,Charlie,1/4/2020,2/12/2020
9780062109392,Gaston,1/7/2020,2/12/2020
9780465094622,Elsa,1/3/2020,3/5/2020
9781250185969,Elsa,1/1/2020,10/5/2020
9780452288591,Gaston,1/3/2020,2/12/2020
9780691180373,David,1/7/2020,2/12/2020
9781787632080,Hercules,1/3/2020,1/12/2020
9780964151857,Alice,1/1/2020,2/2/2020
9781784873646,David,1/2/2020,2/12/2020
9781784870393,Gaston,1/5/2020,3/5/2020
9780061472794,Hercules,1/5/2020,10/5/2020
9780465024940,Charlie,1/4/2020,3/5/2020
9781408801857,Bob,1/6/2020,1/12/2020
9780937381748,Bob,1/7/2020,10/5/2020
9781501152016,Hercules,1/1/2020,2/2/2020
9780486481982,Elsa,1/7/2020,3/5/2020
9780857525253,Bob,1/5/2020,3/5/2020
9780730305491,David,1/7/2020,10/5/2020
9780857868855,Freya,1/2/2020,2/12/2020
9781781250662,Hercules,1/3/2020,10/5/2020
9780312425777,Charlie,1/1/2020,3/5/2020
9781119357919,Alice,1/2/2020,10/5/2020
9780385350662,Charlie,1/7/2020,1/12/2020
9780099537595,Freya,1/2/2020,2/12/2020
9780618619580,Hercules,1/7/2020,2/12/2020
9781888009194,Hercules,1/3/2020,10/5/2020
9781848000698,Alice,1/7/2020,1/12/2020
9780061730856,Elsa,1/2/2020,1/12/2020
9781840468502,Charlie,1/1/2020,1/12/2020
9781509827695,David,1/7/2020,2/12/2020
9780691180441,Hercules,1/7/2020,3/5/2020
9780743297776,Elsa,1/3/2020,3/5/2020
9781554071470,David,1/7/2020,10/5/2020
9781945251955,Elsa,1/3/2020,10/5/2020
9780393355574,Elsa,1/2/2020,3/5/2020
9781786076007,Freya,1/6/2020,2/2/2020
9780393340242,Charlie,1/4/2020,3/5/2020
9780547248233,David,1/6/2020,2/2/2020
9780307889102,Bob,1/5/2020,3/5/2020
9780962689543,Hercules,1/1/2020,3/5/2020
9780547334165,Bob,1/5/2020,1/12/2020
9780893892630,Alice,1/7/2020,2/2/2020
9781785041280,Elsa,1/6/2020,2/12/2020
9781603587679,Freya,1/6/2020,1/12/2020
9780141006444,Hercules,1/7/2020,2/2/2020
9780198784883,Charlie,1/4/2020,2/2/2020
9780192804341,Elsa,1/4/2020,2/2/2020
9780062730992,Gaston,1/3/2020,1/12/2020
9781847806345,Elsa,1/2/2020,1/12/2020
9780241341230,Freya,1/3/2020,10/5/2020
9781785783203,Charlie,1/3/2020,2/2/2020
9780307275172,Freya,1/4/2020,1/12/2020
9781292183404,Freya,1/1/2020,3/5/2020
9783836529846,Charlie,1/1/2020,2/12/2020
9781444792799,Alice,1/7/2020,1/12/2020
9780199572199,Charlie,1/2/2020,2/12/2020
9781780335292,Hercules,1/7/2020,2/12/2020
9781857028959,Freya,1/1/2020,2/2/2020
9780007183074,David,1/7/2020,2/2/2020
9780029345702,Bob,1/4/2020,10/5/2020
9781780742458,Charlie,1/1/2020,1/12/2020
9781556529535,Freya,1/5/2020,1/12/2020
9780393239355,Hercules,1/7/2020,2/12/2020
9781501191978,Charlie,1/2/2020,1/12/2020
9780863158070,Bob,1/4/2020,1/12/2020
9780241217429,Bob,1/3/2020,2/2/2020
9781844674428,Elsa,1/3/2020,2/2/2020
9781119293521,David,1/3/2020,2/12/2020
9780140125054,David,1/1/2020,1/12/2020
9781603583282,Elsa,1/1/2020,10/5/2020
9781451607949,Alice,1/1/2020,2/2/2020
9781741751093,Gaston,1/2/2020,1/12/2020
9781786630780,Hercules,1/2/2020,2/2/2020
9780751545005,Freya,1/4/2020,3/5/2020
9781784873639,Gaston,1/1/2020,3/5/2020
9780241317815,Bob,1/3/2020,1/12/2020
9780552778077,Freya,1/5/2020,10/5/2020
9781447263654,Alice,1/5/2020,10/5/2020
9781911077930,Gaston,1/2/2020,2/12/2020
9781400078455,Alice,1/7/2020,2/2/2020
9780241376522,Freya,1/4/2020,2/2/2020
9781408708989,David,1/1/2020,2/2/2020
9780752265629,Alice,1/1/2020,2/12/2020
9781408711705,Gaston,1/4/2020,10/5/2020
9788883705625,Freya,1/3/2020,3/5/2020
9780141014081,Hercules,1/2/2020,2/2/2020
9781250038821,David,1/6/2020,3/5/2020
9780141035796,Gaston,1/6/2020,10/5/2020
9781849941679,Charlie,1/6/2020,2/12/2020
9780099539551,Freya,1/4/2020,3/5/2020
9788883701153,Alice,1/6/2020,2/2/2020
9780747568766,Charlie,1/1/2020,2/2/2020
9781471157790,Hercules,1/7/2020,2/2/2020
9781860969423,Elsa,1/5/2020,1/12/2020
9781408890769,Gaston,1/3/2020,1/12/2020
9780751535662,Elsa,1/4/2020,1/12/2020
9780716022237,Alice,1/4/2020,2/12/2020
9781509829477,David,1/3/2020,1/12/2020
9780500513606,Gaston,1/5/2020,2/12/2020
9781847807717,Alice,1/3/2020,3/5/2020
9780877180128,David,1/5/2020,3/5/2020
9780751574951,Gaston,1/7/2020,3/5/2020
9780340936177,Alice,1/2/2020,
9780099457046,Elsa,1/3/2020,
9788883705601,Freya,1/1/2020,
9781452106557,Bob,1/1/2020,
9781860969430,Hercules,1/1/2020,
9780762459452,Elsa,1/2/2020,
9781849942850,Hercules,1/5/2020,
9780486254500,Hercules,1/4/2020,
9780241184837,Gaston,1/6/2020,
9781616550417,Charlie,1/3/2020,
9781472200341,Elsa,1/6/2020,
9781860969447,Elsa,1/3/2020,
9781860969461,Alice,1/4/2020,
9781616770785,Freya,1/2/2020,
9780753557150,Alice,1/6/2020,
9781742372389,Hercules,1/7/2020,
9780761178972,Elsa,1/2/2020,
9780753826614,Elsa,1/4/2020,
9781786331502,Bob,1/2/2020,
9780465050659,David,1/5/2020,
9781771642484,Alice,1/1/2020,
9780349113913,David,1/6/2020,
9780062801975,David,1/1/2020,
9780753545669,Bob,1/5/2020,
9781579656652,Elsa,1/6/2020,
9781444734164,Bob,1/4/2020,
9780486789644,Alice,1/6/2020,
9781847679277,Gaston,1/6/2020,
9781860969454,Bob,1/7/2020,
9780740797712,Hercules,1/2/2020,
9781932907001,Charlie,1/4/2020,
9781846147548,Hercules,1/2/2020,
9781250058904,Alice,1/3/2020,
9781786331519,Elsa,1/7/2020,
9780141035789,Alice,1/7/2020,
9781631591402,Elsa,1/5/2020,
9781472260086,Elsa,1/6/2020,
9780300179354,Hercules,1/1/2020,
9781905026357,Charlie,1/5/2020,
9781908707499,Freya,1/2/2020,
9780349421001,Elsa,1/4/2020,
9780877180135,Hercules,1/1/2020,
9781473630819,Bob,1/3/2020,
9780739051641,Alice,1/6/2020,
9780882848129,Alice,1/3/2020,
9781844137879,Freya,1/5/2020,
9781616770815,Elsa,1/7/2020,
9780141981468,Hercules,1/1/2020,
9780007116454,Gaston,1/7/2020,
9780571308040,Bob,1/3/2020,
9781608870080,Gaston,1/6/2020,
9781568989693,Hercules,1/5/2020,
9781600583971,Freya,1/4/2020,
9780241347935,Elsa,1/1/2020,
9781854724465,David,1/4/2020,
9780810997417,Hercules,1/3/2020,
9780981484600,Gaston,1/5/2020,
9780262062664,Bob,1/7/2020,
9781856699464,Elsa,1/4/2020,
9780141035819,Elsa,1/4/2020,
9781408890776,Alice,1/5/2020,
9780060976255,Freya,1/6/2020,
9781860969133,Elsa,1/6/2020,
9780849752667,Hercules,1/5/2020,
9782080200730,Freya,1/1/2020,
9781843547167,Hercules,1/7/2020,
9781780673356,Bob,1/2/2020,
9780882848228,Bob,1/1/2020,
9783836514484,Freya,1/2/2020,
9781941631560,Charlie,1/4/2020,
9781616770754,Alice,1/6/2020,
9780882848167,Charlie,1/1/2020,
9780413715609,Hercules,1/5/2020,
9781452118697,Elsa,1/4/2020,
9780143107521,Gaston,1/7/2020,
9780751547832,Charlie,1/3/2020,
9781107615496,Alice,1/4/2020,
9781856697057,Gaston,1/4/2020,
9780718183585,Freya,1/5/2020,
9781616776190,Charlie,1/4/2020,
9788883701054,Elsa,1/7/2020,
9780552777353,Gaston,1/3/2020,
9781786010193,Hercules,1/3/2020,
9781860969140,Freya,1/2/2020,
9780330523592,Freya,1/2/2020,
9780375714832,Gaston,1/6/2020,
9781844137862,Bob,1/7/2020,
9780062066312,Bob,1/2/2020,
9781860969157,Bob,1/3/2020,
9781860969072,Alice,1/2/2020,
9780571229116,Alice,1/3/2020,
9781472261250,Bob,1/6/2020,
9781473630833,Charlie,1/1/2020,
9781909855724,Charlie,1/5/2020,
9780060989156,Hercules,1/4/2020,
9780810959545,Alice,1/3/2020,
9780877180203,Alice,1/4/2020,
9780882847894,Elsa,1/6/2020,
9781860969058,Alice,1/3/2020,
9780486401065,Alice,1/1/2020,
9780486409511,Charlie,1/1/2020,
9781616770846,David,1/6/2020,
9781616776213,David,1/2/2020,
9784805314531,Elsa,1/4/2020,
9781612122311,Freya,1/1/2020,
9780553409024,Bob,1/5/2020,
9780262525671,Hercules,1/2/2020,
9780757900617,Elsa,1/1/2020,
9780882846163,Charlie,1/2/2020,
9781743790663,Charlie,1/1/2020,
9781860969065,Freya,1/3/2020,
9781782215752,Alice,1/1/2020,
9780849752650,Hercules,1/5/2020,
9780812993356,Charlie,1/5/2020,
9780241951774,Bob,1/6/2020,
9780141039800,Bob,1/6/2020,
9780847826698,Alice,1/4/2020,
9781472228420,David,1/2/2020,
9789671250402,Hercules,1/1/2020,
9780762449309,Freya,1/2/2020,
9780847837908,Gaston,1/3/2020,
9780714847030,Bob,1/2/2020,
9781409183747,Elsa,1/4/2020,
9781860969171,Hercules,1/3/2020,
9781879505629,Freya,1/6/2020,
9781856697217,Gaston,1/2/2020,
9780865478978,Freya,1/7/2020,
9780500294611,Elsa,1/4/2020,
9781447283317,Elsa,1/6/2020,
9789679852936,David,1/4/2020,
9781595828118,Bob,1/3/2020,
9780486456942,Alice,1/4/2020,
9781849839730,Alice,1/6/2020,
9780241970058,Charlie,1/4/2020,
9781585429202,Gaston,1/3/2020,
9780193386778,Gaston,1/1/2020,
9781426215643,Bob,1/7/2020,
9781440309311,Alice,1/6/2020,
9780877180050,Gaston,1/4/2020,
9780739003688,Charlie,1/6/2020,
9780956220400,Hercules,1/1/2020,
9781786010209,Freya,1/1/2020,
9781843178699,David,1/5/2020,
9781856697064,Charlie,1/7/2020,
9781854596741,Gaston,1/5/2020,
9781787631151,Gaston,1/2/2020,
9780141982144,Elsa,1/1/2020,
9780007257775,Bob,1/4/2020,
9781523506644,Alice,1/4/2020,
9780789331144,Bob,1/6/2020,
9783721201451,Freya,1/2/2020,
9781447294252,Hercules,1/6/2020,
9781408709238,Alice,1/3/2020,
9780882848150,Charlie,1/6/2020,
9780141027562,Alice,1/5/2020,
9781574219722,Alice,1/2/2020,
9781910552148,Bob,1/1/2020,
9781569317778,Bob,1/1/2020,
9781860969096,Elsa,1/3/2020,
9781786010216,David,1/2/2020,
9781616558451,David,1/4/2020,
9781847397836,Gaston,1/7/2020,
9781860969089,Alice,1/7/2020,
9780882848280,Elsa,1/4/2020,
9780099225416,Bob,1/2/2020,
9780195019193,Alice,1/1/2020,
9780857204110,Freya,1/6/2020,
9780877180319,Hercules,1/1/2020,
9789679856057,David,1/7/2020,
9781846149412,Freya,1/5/2020,
9780399579721,Hercules,1/4/2020,
9780716023517,Alice,1/2/2020,
9781616770877,Alice,1/1/2020,
9780300169782,Hercules,1/2/2020,
9781419717963,Charlie,1/4/2020,
9781592538119,Hercules,1/3/2020,
9780891343370,Alice,1/2/2020,
9781579654313,Hercules,1/5/2020,
9780062121660,Charlie,1/2/2020,
9780961454739,Charlie,1/3/2020,
9781785659461,Charlie,1/7/2020,
9780739024836,Freya,1/4/2020,
9781449489786,Charlie,1/3/2020,
9781856696623,David,1/4/2020,
9780060722715,Gaston,1/6/2020,
9780711954298,Hercules,1/2/2020,
9781592536450,Charlie,1/3/2020,
9780877180241,Alice,1/7/2020,
9780718079185,Freya,1/7/2020,
9781476791548,Charlie,1/4/2020,
9780739051665,Freya,1/2/2020,
9780857680983,Alice,1/5/2020,
9780793525447,Hercules,1/7/2020,
9780847842131,Bob,1/2/2020,
9780711954304,David,1/3/2020,
9781780979021,Hercules,1/2/2020,
9781592535873,Elsa,1/6/2020,
9781860969164,Charlie,1/5/2020,
9780099519478,Bob,1/3/2020,
9781933492957,Alice,1/3/2020,
9783836501897,Alice,1/5/2020,
9781592539765,Gaston,1/6/2020,
9781592537655,Freya,1/5/2020,
9781455547784,Elsa,1/4/2020,
9781854724472,Hercules,1/4/2020,
9780451474575,Charlie,1/4/2020,
9781616776237,David,1/2/2020,
9780679741954,Charlie,1/4/2020,
9780762464401,Hercules,1/2/2020,
9781585422197,Gaston,1/7/2020,
9780857360007,Elsa,1/2/2020,
9780804186278,Gaston,1/6/2020,
9781595828750,Freya,1/2/2020,
9780486241784,Elsa,1/4/2020,
9781416575467,Elsa,1/2/2020,
9780955862076,David,1/4/2020,
9781592539864,Elsa,1/2/2020,
9781616776497,Charlie,1/7/2020,
9781452105949,Freya,1/5/2020,
9780753557563,Alice,1/3/2020,
9780770436681,Alice,1/5/2020,
9789881354761,Hercules,1/2/2020,
9780060780944,Bob,1/4/2020,
9780143036531,Elsa,1/7/2020,
9781579655976,Hercules,1/1/2020,
9781911600893,Freya,1/5/2020,
9780761163800,David,1/6/2020,
9780877180142,Gaston,1/3/2020,
9781426205262,Gaston,1/6/2020,
9780307277244,David,1/3/2020,
9780141044668,Hercules,1/3/2020,
9780193727847,Charlie,1/5/2020,
9780141036199,David,1/3/2020,
9780739054475,Gaston,1/4/2020,
9781405307406,Hercules,1/6/2020,
9780151003082,Bob,1/7/2020,
9780140446746,Alice,1/6/2020,
9781579657147,Alice,1/2/2020,
9781447278603,Bob,1/3/2020,
9780486456423,Hercules,1/3/2020,
9789671000311,Gaston,1/5/2020,
9781421500492,Bob,1/3/2020,
9780739082423,Hercules,1/3/2020,
9783836538725,Alice,1/4/2020,
9780738212418,Elsa,1/2/2020,
9780753545683,David,1/7/2020,
9781616776206,Alice,1/2/2020,
9780141978109,David,1/2/2020,
9781595829412,Freya,1/3/2020,
9780753545676,Bob,1/1/2020,
