Charlie,2020-01-02,2020-01-12
Freya,2020-01-05,2020-02-12
Alice,2020-01-01,2020-10-05
Bob,2020-01-07,2020-02-12
Alice,2020-01-02,2020-02-12
Gaston,2020-01-04,2020-03-05
Alice,2020-01-01,2020-10-05
Charlie,2020-01-03,2020-02-12
Hercules,2020-01-03,2020-02-12
David,2020-01-05,2020-03-05
Charlie,2020-01-05,2020-02-02
Freya,2020-01-06,2020-10-05
Freya,2020-01-05,2020-02-12
Freya,2020-01-02,2020-02-02
Charlie,2020-01-02,2020-01-12
Charlie,2020-01-04,2020-02-02
Hercules,2020-01-06,2020-02-12
David,2020-01-06,2020-02-12
Charlie,2020-01-03,2020-02-02
Gaston,2020-01-03,2020-10-05
Hercules,2020-01-04,2020-10-05
Elsa,2020-01-04,2020-10-05
Gaston,2020-01-02,2020-10-05
David,2020-01-04,2020-02-12
David,2020-01-01,2020-03-05
David,2020-01-07,2020-02-12
David,2020-01-04,2020-01-12
David,2020-01-03,2020-02-12
Bob,2020-01-07,2020-02-12
Gaston,2020-01-03,2020-02-12
Alice,2020-01-05,2020-10-05
Bob,2020-01-03,2020-02-12
Elsa,2020-01-01,2020-02-12
Hercules,2020-01-07,2020-01-12
Hercules,2020-01-07,2020-03-05
Alice,2020-01-01,2020-02-02
Alice,2020-01-04,2020-03-05
Alice,2020-01-04,2020-01-12
Elsa,2020-01-06,2020-10-05
Hercules,2020-01-07,2020-03-05
Bob,2020-01-02,2020-02-12
Hercules,2020-01-02,2020-02-02
Charlie,2020-01-04,2020-10-05
Freya,2020-01-01,2020-02-02
Freya,2020-01-06,2020-01-12
Alice,2020-01-02,2020-10-05
Gaston,2020-01-01,2020-03-05
David,2020-01-01,2020-03-05
Hercules,2020-01-07,2020-01-12
Gaston,2020-01-01,2020-02-12
Alice,2020-01-07,2020-03-05
Alice,2020-01-06,2020-03-05
Elsa,2020-01-03,2020-02-02
David,2020-01-06,2020-03-05
Gaston,2020-01-04,2020-02-12
Gaston,2020-01-01,2020-01-12
Freya,2020-01-06,2020-01-12
Bob,2020-01-03,2020-02-02
Freya,2020-01-01,2020-01-12
Hercules,2020-01-02,2020-01-12
Freya,2020-01-04,2020-02-02
Alice,2020-01-02,2020-02-02
Elsa,2020-01-01,2020-02-02
Alice,2020-01-05,2020-03-05
Elsa,2020-01-07,2020-03-05
Freya,2020-01-01,2020-02-12
Alice,2020-01-07,2020-02-12
Hercules,2020-01-05,2020-02-12
Elsa,2020-01-05,2020-10-05
Gaston,2020-01-06,2020-10-05
Hercules,2020-01-04,2020-02-12
Alice,2020-01-05,2020-03-05
Gaston,2020-01-07,2020-01-12
Hercules,2020-01-03,2020-02-12
Bob,2020-01-03,2020-02-12
David,2020-01-04,2020-03-05
Gaston,2020-01-03,2020-03-05
David,2020-01-06,2020-10-05
Gaston,2020-01-06,2020-01-12
Charlie,2020-01-01,2020-01-12
David,2020-01-06,2020-03-05
Elsa,2020-01-03,2020-01-12
David,2020-01-01,2020-10-05
Hercules,2020-01-02,2020-01-12
Gaston,2020-01-01,2020-01-12
David,2020-01-06,2020-02-02
Alice,2020-01-04,2020-10-05
Charlie,2020-01-05,2020-03-05
Hercules,2020-01-01,2020-01-12
Charlie,2020-01-01,2020-01-12
Hercules,2020-01-04,2020-10-05
Hercules,2020-01-05,2020-10-05
Bob,2020-01-01,2020-03-05
Bob,2020-01-02,2020-01-12
Gaston,2020-01-06,2020-02-02
Charlie,2020-01-06,2020-02-02
Gaston,2020-01-01,2020-01-12
Gaston,2020-01-03,2020-01-12
Bob,2020-01-03,2020-02-02
Freya,2020-01-04,2020-02-02
Freya,2020-01-01,2020-02-12
Freya,2020-01-06,2020-10-05
David,2020-01-06,2020-02-02
Charlie,2020-01-04,2020-10-05
Bob,2020-01-02,2020-02-12
Freya,2020-01-04,2020-01-12
Bob,2020-01-06,2020-10-05
Freya,2020-01-07,2020-03-05
Bob,2020-01-07,2020-02-02
David,2020-01-05,2020-01-12
Freya,2020-01-02,2020-02-12
Elsa,2020-01-01,2020-02-12
Alice,2020-01-06,2020-01-12
Bob,2020-01-05,2020-01-12
David,2020-01-06,2020-02-12
David,2020-01-01,2020-03-05
Alice,2020-01-07,2020-10-05
Charlie,2020-01-04,2020-02-02
Charlie,2020-01-01,2020-02-12
David,2020-01-05,2020-10-05
Alice,2020-01-05,2020-01-12
Alice,2020-01-06,2020-02-12
Elsa,2020-01-07,2020-03-05
Bob,2020-01-06,2020-02-02
David,2020-01-04,2020-02-12
Freya,2020-01-06,2020-01-12
Bob,2020-01-05,2020-02-12
Freya,2020-01-02,2020-01-12
Elsa,2020-01-02,2020-02-12
Charlie,2020-01-01,2020-01-12
Elsa,2020-01-01,2020-10-05
David,2020-01-06,2020-03-05
Bob,2020-01-05,2020-03-05
Freya,2020-01-05,2020-10-05
Alice,2020-01-06,2020-01-12
Hercules,2020-01-05,2020-03-05
Bob,2020-01-07,2020-03-05
Elsa,2020-01-06,2020-02-12
Hercules,2020-01-07,2020-02-02
Bob,2020-01-05,2020-01-12
Freya,2020-01-05,2020-01-12
Freya,2020-01-06,2020-03-05
Freya,2020-01-01,2020-10-05
Hercules,2020-01-05,2020-02-12
Bob,2020-01-02,2020-10-05
Alice,2020-01-02,2020-02-02
David,2020-01-03,2020-02-12
Freya,2020-01-02,2020-02-02
Elsa,2020-01-01,2020-02-02
Freya,2020-01-01,2020-01-12
Alice,2020-01-06,2020-02-12
David,2020-01-03,2020-10-05
David,2020-01-03,2020-02-12
Freya,2020-01-01,2020-02-02
Freya,2020-01-03,2020-02-12
Elsa,2020-01-05,2020-03-05
Bob,2020-01-06,2020-03-05
Gaston,2020-01-05,2020-03-05
Freya,2020-01-03,2020-10-05
David,2020-01-01,2020-01-12
Charlie,2020-01-07,2020-02-12
Freya,2020-01-01,2020-01-12
Alice,2020-01-02,2020-02-12
Elsa,2020-01-05,2020-02-12
Alice,2020-01-03,2020-10-05
Alice,2020-01-01,2020-02-02
Charlie,2020-01-06,2020-02-02
Charlie,2020-01-06,2020-02-02
Gaston,2020-01-03,2020-01-12
Hercules,2020-01-03,2020-02-02
Hercules,2020-01-03,2020-10-05
Alice,2020-01-07,2020-02-12
Charlie,2020-01-05,2020-01-12
Freya,2020-01-01,2020-10-05
Alice,2020-01-04,2020-02-12
Hercules,2020-01-07,2020-01-12
Charlie,2020-01-07,2020-02-12
Hercules,2020-01-06,2020-01-12
Charlie,2020-01-01,2020-02-12
Bob,2020-01-01,2020-10-05
Charlie,2020-01-05,2020-03-05
Elsa,2020-01-06,2020-01-12
Bob,2020-01-04,2020-02-12
Charlie,2020-01-05,2020-10-05
Freya,2020-01-04,2020-03-05
David,2020-01-02,2020-03-05
Hercules,2020-01-05,2020-01-12
Gaston,2020-01-01,2020-02-02
Elsa,2020-01-05,2020-10-05
Freya,2020-01-01,2020-01-12
Bob,2020-01-04,2020-01-12
Bob,2020-01-07,2020-02-12
Hercules,2020-01-04,2020-03-05
Freya,2020-01-01,2020-03-05
Charlie,2020-01-07,2020-10-05
Elsa,2020-01-04,2020-02-02
Bob,2020-01-06,2020-01-12
Freya,2020-01-07,2020-01-12
Charlie,2020-01-01,2020-10-05
Alice,2020-01-04,2020-10-05
David,2020-01-06,2020-01-12
Freya,2020-01-04,2020-03-05
Alice,2020-01-01,2020-03-05
Elsa,2020-01-06,2020-10-05
Bob,2020-01-07,2020-10-05
Elsa,2020-01-07,2020-02-12
David,2020-01-01,2020-01-12
Gaston,2020-01-02,2020-02-12
Charlie,2020-01-07,2020-10-05
Alice,2020-01-06,2020-02-12
Alice,2020-01-07,2020-02-12
David,2020-01-05,2020-01-12
Hercules,2020-01-05,2020-02-12
Alice,2020-01-06,2020-03-05
Elsa,2020-01-02,2020-02-02
Elsa,2020-01-05,2020-02-02
Charlie,2020-01-03,2020-02-12
Alice,2020-01-06,2020-01-12
Hercules,2020-01-03,2020-01-12
Alice,2020-01-06,2020-02-02
Bob,2020-01-01,2020-03-05
Elsa,2020-01-02,2020-03-05
Charlie,2020-01-07,2020-02-12
Bob,2020-01-02,2020-10-05
Gaston,2020-01-06,2020-02-12
Hercules,2020-01-03,2020-10-05
Bob,2020-01-04,2020-10-05
Bob,2020-01-04,2020-02-12
Charlie,2020-01-06,2020-10-05
Freya,2020-01-07,2020-02-12
Gaston,2020-01-06,2020-10-05
Charlie,2020-01-03,2020-10-05
Alice,2020-01-05,2020-03-05
David,2020-01-03,2020-03-05
David,2020-01-07,2020-02-02
David,2020-01-05,2020-03-05
Freya,2020-01-02,2020-02-02
Alice,2020-01-05,2020-10-05
Gaston,2020-01-04,2020-10-05
Alice,2020-01-02,2020-01-12
Elsa,2020-01-07,2020-01-12
Elsa,2020-01-04,2020-01-12
Hercules,2020-01-07,2020-03-05
Hercules,2020-01-07,2020-02-12
Charlie,2020-01-01,2020-10-05
Alice,2020-01-01,2020-10-05
Gaston,2020-01-01,2020-10-05
Charlie,2020-01-05,2020-10-05
Elsa,2020-01-04,2020-02-12
Elsa,2020-01-03,2020-10-05
Charlie,2020-01-04,2020-03-05
Alice,2020-01-07,2020-10-05
Alice,2020-01-04,2020-10-05
Hercules,2020-01-02,2020-10-05
Alice,2020-01-03,2020-10-05
Gaston,2020-01-01,2020-03-05
Elsa,2020-01-03,2020-02-02
David,2020-01-07,2020-03-05
Bob,2020-01-02,2020-03-05
Charlie,2020-01-01,2020-03-05
David,2020-01-05,2020-10-05
Charlie,2020-01-06,2020-01-12
Alice,2020-01-01,2020-02-02
Gaston,2020-01-06,2020-02-02
Freya,2020-01-01,2020-10-05
Freya,2020-01-04,2020-10-05
Alice,2020-01-07,2020-10-05
Charlie,2020-01-04,2020-10-05
Elsa,2020-01-02,2020-03-05
Elsa,2020-01-06,2020-02-12
David,2020-01-01,2020-02-02
Alice,2020-01-03,2020-02-12
Hercules,2020-01-07,2020-02-02
Freya,2020-01-07,2020-02-02
Charlie,2020-01-04,2020-02-12
Elsa,2020-01-02,2020-03-05
Alice,2020-01-04,2020-10-05
Freya,2020-01-05,2020-02-02
Charlie,2020-01-01,2020-03-05
David,2020-01-07,2020-01-12
Gaston,2020-01-06,2020-01-12
Hercules,2020-01-07,2020-03-05
Bob,2020-01-02,2020-01-12
David,2020-01-02,2020-01-12
David,2020-01-05,2020-02-02
Bob,2020-01-02,2020-02-12
David,2020-01-03,2020-01-12
David,2020-01-05,2020-10-05
Hercules,2020-01-01,2020-01-12
Gaston,2020-01-02,2020-02-02
Freya,2020-01-05,2020-10-05
Elsa,2020-01-07,2020-01-12
Bob,2020-01-05,2020-10-05
Freya,2020-01-02,2020-02-02
Elsa,2020-01-07,2020-02-02
Hercules,2020-01-07,2020-03-05
Freya,2020-01-03,2020-02-02
Bob,2020-01-06,2020-10-05
Bob,2020-01-07,2020-01-12
Freya,2020-01-06,2020-03-05
Bob,2020-01-05,2020-01-12
Elsa,2020-01-03,2020-02-02
David,2020-01-06,2020-10-05
Freya,2020-01-07,2020-02-12
Alice,2020-01-07,2020-02-12
Charlie,2020-01-05,2020-02-12
Gaston,2020-01-04,2020-01-12
Alice,2020-01-02,2020-03-05
Charlie,2020-01-04,2020-03-05
Bob,2020-01-03,2020-01-12
David,2020-01-03,2020-03-05
David,2020-01-04,2020-03-05
Gaston,2020-01-05,2020-10-05
Bob,2020-01-03,2020-10-05
Freya,2020-01-06,2020-10-05
Bob,2020-01-04,2020-01-12
Hercules,2020-01-05,2020-03-05
Elsa,2020-01-03,2020-01-12
David,2020-01-01,2020-10-05
Charlie,2020-01-06,2020-02-12
David,2020-01-05,2020-10-05
Gaston,2020-01-06,2020-02-02
Bob,2020-01-01,2020-10-05
Bob,2020-01-04,2020-03-05
Gaston,2020-01-03,2020-02-02
Freya,2020-01-03,2020-02-02
Alice,2020-01-06,2020-02-12
Gaston,2020-01-02,2020-01-12
Elsa,2020-01-03,2020-03-05
Bob,2020-01-06,2020-03-05
Hercules,2020-01-04,2020-02-02
Freya,2020-01-01,2020-02-12
Elsa,2020-01-03,2020-01-12
Freya,2020-01-02,2020-02-02
Bob,2020-01-01,2020-02-12
Freya,2020-01-01,2020-03-05
Gaston,2020-01-01,2020-10-05
Elsa,2020-01-06,2020-02-02
Elsa,2020-01-07,2020-10-05
Freya,2020-01-06,2020-02-12
Hercules,2020-01-03,2020-01-12
Gaston,2020-01-02,2020-02-02
Hercules,2020-01-07,2020-02-02
Alice,2020-01-07,2020-02-12
Hercules,2020-01-06,2020-02-12
Freya,2020-01-07,2020-10-05
Alice,2020-01-04,2020-10-05
Hercules,2020-01-03,2020-02-02
Elsa,2020-01-02,2020-02-02
David,2020-01-05,2020-03-05
Gaston,2020-01-02,2020-01-12
Bob,2020-01-07,2020-02-02
Freya,2020-01-06,2020-10-05
Alice,2020-01-01,2020-01-12
David,2020-01-05,2020-02-12
Hercules,2020-01-01,2020-03-05
Bob,2020-01-04,2020-01-12
Gaston,2020-01-04,2020-02-12
Bob,2020-01-01,2020-10-05
David,2020-01-06,2020-02-12
David,2020-01-02,2020-02-12
Freya,2020-01-02,2020-10-05
Freya,2020-01-07,2020-02-02
Freya,2020-01-04,2020-02-12
Elsa,2020-01-03,2020-02-02
Alice,2020-01-07,2020-01-12
Freya,2020-01-03,2020-02-12
Gaston,2020-01-02,2020-02-02
Charlie,2020-01-01,2020-02-02
Alice,2020-01-01,2020-02-12
Gaston,2020-01-03,2020-01-12
Bob,2020-01-04,2020-01-12
Hercules,2020-01-04,2020-02-12
Elsa,2020-01-01,2020-02-02
Hercules,2020-01-06,2020-03-05
Freya,2020-01-01,2020-01-12
Hercules,2020-01-04,2020-02-12
Hercules,2020-01-05,2020-02-12
Bob,2020-01-03,2020-10-05
Charlie,2020-01-02,2020-02-12
Bob,2020-01-03,2020-10-05
Gaston,2020-01-02,2020-10-05
David,2020-01-03,2020-01-12
Freya,2020-01-05,2020-03-05
Alice,2020-01-03,2020-10-05
Freya,2020-01-06,2020-02-02
Hercules,2020-01-01,2020-02-12
Alice,2020-01-01,2020-03-05
Bob,2020-01-07,2020-02-02
Freya,2020-01-07,2020-01-12
Gaston,2020-01-04,2020-03-05
David,2020-01-01,2020-10-05
Bob,2020-01-05,2020-02-12
Charlie,2020-01-04,2020-02-02
Hercules,2020-01-05,2020-02-12
Bob,2020-01-02,2020-10-05
Gaston,2020-01-03,2020-02-12
Bob,2020-01-06,2020-02-02
Hercules,2020-01-07,2020-02-12
Charlie,2020-01-04,2020-10-05
Hercules,2020-01-01,2020-03-05
Charlie,2020-01-02,2020-03-05
Elsa,2020-01-05,2020-01-12
Freya,2020-01-01,2020-10-05
Alice,2020-01-03,2020-02-12
Freya,2020-01-02,2020-10-05
Gaston,2020-01-04,2020-01-12
Hercules,2020-01-01,2020-03-05
Bob,2020-01-01,2020-02-02
Freya,2020-01-06,2020-01-12
Freya,2020-01-06,2020-10-05
Charlie,2020-01-05,2020-02-12
Alice,2020-01-05,2020-01-12
Bob,2020-01-02,2020-03-05
Gaston,2020-01-02,2020-02-02
Alice,2020-01-06,2020-10-05
Gaston,2020-01-01,2020-10-05
Gaston,2020-01-05,2020-03-05
Hercules,2020-01-02,2020-03-05
Freya,2020-01-07,2020-02-12
David,2020-01-05,2020-03-05
Gaston,2020-01-07,2020-10-05
Alice,2020-01-04,2020-01-12
Bob,2020-01-05,2020-02-12
Elsa,2020-01-06,2020-02-12
Hercules,2020-01-02,2020-10-05
David,2020-01-02,2020-10-05
Charlie,2020-01-03,2020-03-05
Bob,2020-01-04,2020-02-12
Elsa,2020-01-07,2020-10-05
Alice,2020-01-05,2020-02-12
Charlie,2020-01-02,2020-02-02
Alice,2020-01-03,2020-02-12
Freya,2020-01-01,2020-02-12
David,2020-01-04,2020-10-05
Elsa,2020-01-07,2020-01-12
Hercules,2020-01-01,2020-03-05
Elsa,2020-01-03,2020-02-12
Bob,2020-01-06,2020-02-12
David,2020-01-02,2020-10-05
Freya,2020-01-06,2020-02-12
Elsa,2020-01-01,2020-02-02
Freya,2020-01-02,2020-10-05
Gaston,2020-01-06,2020-02-12
Gaston,2020-01-07,2020-02-12
Alice,2020-01-05,2020-02-12
Bob,2020-01-05,2020-03-05
Charlie,2020-01-01,2020-10-05
Gaston,2020-01-06,2020-03-05
Charlie,2020-01-01,2020-03-05
Freya,2020-01-02,2020-02-02
David,2020-01-07,2020-01-12
David,2020-01-02,2020-10-05
Elsa,2020-01-06,2020-02-02
Freya,2020-01-05,2020-01-12
Freya,2020-01-06,2020-03-05
Hercules,2020-01-06,2020-02-02
Charlie,2020-01-02,2020-02-12
Elsa,2020-01-06,2020-01-12
Hercules,2020-01-01,2020-10-05
Bob,2020-01-03,2020-10-05
Hercules,2020-01-07,2020-03-05
Hercules,2020-01-01,2020-02-12
Alice,2020-01-01,2020-10-05
Charlie,2020-01-06,2020-01-12
Gaston,2020-01-07,2020-03-05
Hercules,2020-01-06,2020-02-02
Gaston,2020-01-01,2020-03-05
Bob,2020-01-05,2020-01-12
Charlie,2020-01-03,2020-02-12
Hercules,2020-01-03,2020-02-12
Freya,2020-01-01,2020-03-05
Freya,2020-01-07,2020-01-12
Bob,2020-01-01,2020-02-02
Hercules,2020-01-03,2020-10-05
David,2020-01-03,2020-03-05
Freya,2020-01-02,2020-03-05
Charlie,2020-01-02,2020-02-12
Bob,2020-01-04,2020-01-12
Alice,2020-01-04,2020-03-05
Freya,2020-01-02,2020-02-12
Bob,2020-01-07,2020-02-12
Charlie,2020-01-01,2020-02-02
Hercules,2020-01-07,2020-02-12
David,2020-01-03,2020-03-05
Freya,2020-01-07,2020-01-12
Hercules,2020-01-01,2020-03-05
Gaston,2020-01-07,2020-03-05
Charlie,2020-01-05,2020-02-12
Hercules,2020-01-04,2020-02-02
Hercules,2020-01-03,2020-10-05
Gaston,2020-01-04,2020-03-05
Elsa,2020-01-06,2020-10-05
Alice,2020-01-03,2020-01-12
David,2020-01-05,2020-02-02
David,2020-01-03,2020-03-05
Bob,2020-01-02,2020-01-12
Hercules,2020-01-07,2020-02-02
Gaston,2020-01-02,2020-03-05
Charlie,2020-01-07,2020-10-05
David,2020-01-02,2020-02-02
Gaston,2020-01-02,2020-02-02
Freya,2020-01-05,2020-01-12
Charlie,2020-01-03,2020-03-05
Alice,2020-01-01,2020-10-05
David,2020-01-05,2020-02-02
Charlie,2020-01-04,2020-01-12
Elsa,2020-01-06,2020-02-02
Freya,2020-01-06,2020-03-05
David,2020-01-01,2020-10-05
Elsa,2020-01-05,2020-03-05
Gaston,2020-01-01,2020-02-12
Elsa,2020-01-07,2020-02-12
Hercules,2020-01-02,2020-01-12
David,2020-01-02,2020-10-05
Freya,2020-01-02,2020-03-05
Bob,2020-01-01,2020-01-12
Elsa,2020-01-03,2020-03-05
Hercules,2020-01-04,2020-01-12
Gaston,2020-01-01,2020-02-02
Charlie,2020-01-04,2020-01-12
Alice,2020-01-04,2020-02-12
Elsa,2020-01-06,2020-02-02
Gaston,2020-01-02,2020-02-12
Freya,2020-01-05,2020-02-12
Elsa,2020-01-03,2020-03-05
Hercules,2020-01-06,2020-02-02
Freya,2020-01-01,2020-03-05
David,2020-01-07,2020-03-05
Elsa,2020-01-04,2020-02-02
Bob,2020-01-05,2020-01-12
Freya,2020-01-03,2020-02-12
Hercules,2020-01-07,2020-02-12
David,2020-01-06,2020-03-05
Gaston,2020-01-03,2020-02-02
Alice,2020-01-07,2020-03-05
Hercules,2020-01-02,2020-10-05
Gaston,2020-01-06,2020-10-05
Freya,2020-01-03,2020-01-12
Gaston,2020-01-06,2020-01-12
David,2020-01-05,2020-02-02
David,2020-01-06,2020-03-05
Alice,2020-01-05,2020-02-12
Freya,2020-01-05,2020-03-05
Hercules,2020-01-02,2020-02-12
Alice,2020-01-07,2020-02-02
Elsa,2020-01-05,2020-02-12
Hercules,2020-01-05,2020-03-05
Elsa,2020-01-04,2020-03-05
Bob,2020-01-02,2020-03-05
Freya,2020-01-05,2020-02-12
Charlie,2020-01-05,2020-01-12
Freya,2020-01-01,2020-02-02
Hercules,2020-01-05,2020-01-12
Charlie,2020-01-05,2020-02-12
Gaston,2020-01-07,2020-02-02
David,2020-01-07,2020-02-02
Gaston,2020-01-06,2020-02-12
Gaston,2020-01-06,2020-02-02
Freya,2020-01-01,2020-03-05
Charlie,2020-01-02,2020-01-12
Bob,2020-01-02,2020-02-12
Bob,2020-01-02,2020-02-02
Elsa,2020-01-02,2020-02-12
Freya,2020-01-03,2020-03-05
Elsa,2020-01-01,2020-10-05
Freya,2020-01-03,2020-02-02
David,2020-01-07,2020-01-12
David,2020-01-05,2020-02-02
Alice,2020-01-02,2020-03-05
Charlie,2020-01-01,2020-02-12
Bob,2020-01-05,2020-02-12
Alice,2020-01-01,2020-01-12
Bob,2020-01-03,2020-01-12
Hercules,2020-01-05,2020-03-05
Alice,2020-01-03,2020-02-12
Elsa,2020-01-01,2020-02-02
Gaston,2020-01-01,2020-02-02
Alice,2020-01-07,2020-02-02
Bob,2020-01-02,2020-02-12
Gaston,2020-01-05,2020-02-02
Freya,2020-01-01,2020-03-05
Bob,2020-01-07,2020-03-05
David,2020-01-07,2020-03-05
Hercules,2020-01-06,2020-02-12
Elsa,2020-01-01,2020-10-05
Alice,2020-01-06,2020-01-12
Alice,2020-01-05,2020-03-05
Hercules,2020-01-07,2020-01-12
Freya,2020-01-06,2020-01-12
Freya,2020-01-04,2020-02-02
Elsa,2020-01-05,2020-02-12
Hercules,2020-01-02,2020-02-02
Elsa,2020-01-06,2020-10-05
Alice,2020-01-01,2020-02-02
Gaston,2020-01-03,2020-10-05
Freya,2020-01-03,2020-02-02
Elsa,2020-01-06,2020-01-12
Alice,2020-01-05,2020-01-12
Freya,2020-01-05,2020-02-02
Bob,2020-01-06,2020-02-12
Bob,2020-01-04,2020-01-12
Bob,2020-01-01,2020-03-05
Alice,2020-01-05,2020-10-05
Alice,2020-01-05,2020-01-12
Elsa,2020-01-04,2020-03-05
Alice,2020-01-07,2020-01-12
David,2020-01-07,2020-02-12
Alice,2020-01-05,2020-02-12
Hercules,2020-01-07,2020-10-05
Charlie,2020-01-06,2020-01-12
David,2020-01-01,2020-03-05
David,2020-01-01,2020-03-05
David,2020-01-02,2020-03-05
Hercules,2020-01-07,2020-02-02
David,2020-01-04,2020-01-12
Bob,2020-01-03,2020-10-05
Gaston,2020-01-02,2020-02-02
Alice,2020-01-06,2020-02-12
Elsa,2020-01-03,2020-10-05
Gaston,2020-01-06,2020-01-12
Freya,2020-01-02,2020-01-12
Gaston,2020-01-04,2020-01-12
Bob,2020-01-04,2020-03-05
Freya,2020-01-03,2020-02-02
Charlie,2020-01-02,2020-03-05
Elsa,2020-01-06,2020-02-12
David,2020-01-05,2020-01-12
Freya,2020-01-03,2020-03-05
Charlie,2020-01-03,2020-03-05
Freya,2020-01-06,2020-03-05
Charlie,2020-01-01,2020-02-02
Bob,2020-01-06,2020-03-05
Elsa,2020-01-04,2020-03-05
Freya,2020-01-06,2020-02-02
Alice,2020-01-05,2020-02-02
Charlie,2020-01-04,2020-10-05
Charlie,2020-01-04,2020-10-05
Gaston,2020-01-05,2020-03-05
Freya,2020-01-06,2020-03-05
David,2020-01-04,2020-10-05
Freya,2020-01-06,2020-02-12
Hercules,2020-01-01,2020-02-12
Hercules,2020-01-03,2020-02-02
Elsa,2020-01-05,2020-02-12
Hercules,2020-01-04,2020-02-02
Alice,2020-01-06,2020-10-05
Elsa,2020-01-07,2020-02-02
Charlie,2020-01-03,2020-01-12
Alice,2020-01-03,2020-10-05
Charlie,2020-01-02,2020-01-12
Bob,2020-01-03,2020-10-05
Hercules,2020-01-03,2020-10-05
Alice,2020-01-01,2020-03-05
Hercules,2020-01-06,2020-10-05
Charlie,2020-01-05,2020-10-05
Gaston,2020-01-07,2020-02-02
Freya,2020-01-07,2020-02-12
Alice,2020-01-07,2020-10-05
Gaston,2020-01-07,2020-01-12
David,2020-01-03,2020-01-12
Elsa,2020-01-02,2020-02-12
Elsa,2020-01-02,2020-10-05
Gaston,2020-01-04,2020-02-02
Freya,2020-01-03,2020-10-05
Elsa,2020-01-03,2020-02-02
Gaston,2020-01-05,2020-02-12
Gaston,2020-01-05,2020-02-02
Gaston,2020-01-07,2020-01-12
Hercules,2020-01-05,2020-03-05
Hercules,2020-01-03,2020-03-05
Bob,2020-01-06,2020-02-02
Hercules,2020-01-05,2020-01-12
Gaston,2020-01-07,2020-01-12
Alice,2020-01-02,2020-10-05
David,2020-01-04,2020-02-02
Elsa,2020-01-07,2020-01-12
Alice,2020-01-03,2020-03-05
Bob,2020-01-05,2020-02-12
Freya,2020-01-03,2020-01-12
Gaston,2020-01-02,2020-03-05
Gaston,2020-01-02,2020-03-05
Elsa,2020-01-03,2020-02-12
Hercules,2020-01-07,2020-03-05
David,2020-01-02,2020-03-05
Hercules,2020-01-04,2020-01-12
Charlie,2020-01-04,2020-03-05
Gaston,2020-01-03,2020-01-12
Hercules,2020-01-02,2020-01-12
Hercules,2020-01-02,2020-02-02
Charlie,2020-01-07,2020-02-12
Charlie,2020-01-05,2020-01-12
Alice,2020-01-07,2020-10-05
Bob,2020-01-07,2020-02-12
Hercules,2020-01-06,2020-01-12
David,2020-01-04,2020-03-05
David,2020-01-07,2020-02-12
David,2020-01-01,2020-03-05
Alice,2020-01-05,2020-02-02
Elsa,2020-01-04,2020-01-12
Hercules,2020-01-07,2020-02-02
Hercules,2020-01-06,2020-10-05
Hercules,2020-01-01,2020-01-12
Alice,2020-01-04,2020-10-05
Alice,2020-01-02,2020-10-05
Charlie,2020-01-03,2020-02-02
Gaston,2020-01-01,2020-02-12
Charlie,2020-01-03,2020-10-05
Elsa,2020-01-06,2020-02-12
Elsa,2020-01-02,2020-02-12
Charlie,2020-01-05,2020-02-02
Alice,2020-01-05,2020-02-12
Alice,2020-01-03,2020-02-12
Alice,2020-01-07,2020-03-05
Gaston,2020-01-03,2020-02-12
Freya,2020-01-04,2020-03-05
Hercules,2020-01-06,2020-01-12
Hercules,2020-01-06,2020-03-05
David,2020-01-04,2020-01-12
Charlie,2020-01-07,2020-10-05
Alice,2020-01-03,2020-01-12
Elsa,2020-01-07,2020-10-05
Gaston,2020-01-02,2020-10-05
Alice,2020-01-04,2020-03-05
Elsa,2020-01-02,2020-02-12
Gaston,2020-01-03,2020-01-12
Charlie,2020-01-02,2020-10-05
Alice,2020-01-04,2020-02-02
Freya,2020-01-07,2020-03-05
Alice,2020-01-07,2020-03-05
Hercules,2020-01-03,2020-02-12
Charlie,2020-01-02,2020-01-12
Bob,2020-01-02,2020-02-12
Alice,2020-01-01,2020-02-12
Gaston,2020-01-03,2020-02-02
Bob,2020-01-01,2020-02-02
David,2020-01-07,2020-01-12
Alice,2020-01-06,2020-02-12
David,2020-01-01,2020-03-05
Hercules,2020-01-02,2020-02-02
Freya,2020-01-04,2020-03-05
Alice,2020-01-04,2020-02-12
Charlie,2020-01-05,2020-10-05
Hercules,2020-01-05,2020-10-05
Bob,2020-01-01,2020-01-12
Elsa,2020-01-01,2020-02-02
Charlie,2020-01-02,2020-01-12
Bob,2020-01-02,2020-02-12
David,2020-01-05,2020-02-02
Hercules,2020-01-03,2020-10-05
Alice,2020-01-05,2020-01-12
Alice,2020-01-02,2020-10-05
David,2020-01-06,2020-03-05
Charlie,2020-01-04,2020-02-12
Hercules,2020-01-03,2020-03-05
David,2020-01-06,2020-02-12
Alice,2020-01-05,2020-02-02
Elsa,2020-01-06,2020-02-12
Charlie,2020-01-07,2020-02-12
Freya,2020-01-03,2020-02-02
Hercules,2020-01-07,2020-01-12
Hercules,2020-01-04,2020-03-05
Alice,2020-01-01,2020-03-05
Charlie,2020-01-01,2020-03-05
Hercules,2020-01-03,2020-02-02
Elsa,2020-01-02,2020-01-12
Hercules,2020-01-02,2020-01-12
Elsa,2020-01-04,2020-01-12
David,2020-01-01,2020-02-02
Bob,2020-01-02,2020-02-02
Elsa,2020-01-06,2020-01-12
Bob,2020-01-03,2020-01-12
Gaston,2020-01-03,2020-10-05
Alice,2020-01-01,2020-10-05
Charlie,2020-01-02,2020-01-12
Gaston,2020-01-06,2020-03-05
Gaston,2020-01-01,2020-10-05
Gaston,2020-01-04,2020-10-05
Charlie,2020-01-07,2020-03-05
Gaston,2020-01-03,2020-02-12
Freya,2020-01-05,2020-01-12
Elsa,2020-01-03,2020-02-02
Bob,2020-01-03,2020-02-12
Gaston,2020-01-04,2020-10-05
David,2020-01-06,2020-03-05
Elsa,2020-01-04,2020-03-05
Gaston,2020-01-04,2020-01-12
Bob,2020-01-06,2020-10-05
Bob,2020-01-01,2020-01-12
Gaston,2020-01-04,2020-02-12
Freya,2020-01-02,2020-03-05
Freya,2020-01-03,2020-03-05
Charlie,2020-01-01,2020-03-05
Charlie,2020-01-02,2020-02-12
Bob,2020-01-06,2020-03-05
Elsa,2020-01-03,2020-02-02
Freya,2020-01-02,2020-03-05
Alice,2020-01-05,2020-10-05
Hercules,2020-01-01,2020-02-12
Elsa,2020-01-04,2020-02-12
Gaston,2020-01-04,2020-01-12
Gaston,2020-01-05,2020-02-02
Gaston,2020-01-01,2020-03-05
Gaston,2020-01-04,2020-03-05
Hercules,2020-01-06,2020-01-12
Freya,2020-01-06,2020-10-05
David,2020-01-01,2020-10-05
Elsa,2020-01-03,2020-02-12
Elsa,2020-01-02,2020-03-05
David,2020-01-01,2020-02-12
Charlie,2020-01-07,2020-02-02
Charlie,2020-01-07,2020-03-05
Elsa,2020-01-05,2020-02-02
Bob,2020-01-01,2020-10-05
Bob,2020-01-01,2020-02-02
Hercules,2020-01-05,2020-02-12
Bob,2020-01-04,2020-03-05
David,2020-01-02,2020-02-12
Alice,2020-01-07,2020-03-05
Alice,2020-01-07,2020-03-05
Hercules,2020-01-03,2020-10-05
Gaston,2020-01-03,2020-10-05
David,2020-01-03,2020-01-12
Alice,2020-01-02,2020-02-02
Elsa,2020-01-06,2020-03-05
David,2020-01-03,2020-01-12
Charlie,2020-01-04,2020-03-05
Hercules,2020-01-06,2020-02-12
Gaston,2020-01-04,2020-02-12
Freya,2020-01-03,2020-02-12
Freya,2020-01-05,2020-10-05
Bob,2020-01-05,2020-02-12
Freya,2020-01-06,2020-03-05
Hercules,2020-01-03,2020-01-12
Gaston,2020-01-06,2020-03-05
Gaston,2020-01-03,2020-03-05
Charlie,2020-01-07,2020-03-05
Charlie,2020-01-03,2020-03-05
Gaston,2020-01-04,2020-01-12
Freya,2020-01-02,2020-02-02
Charlie,2020-01-01,2020-02-12
Alice,2020-01-01,2020-03-05
Gaston,2020-01-01,2020-01-12
Gaston,2020-01-01,2020-01-12
Alice,2020-01-04,2020-03-05
Alice,2020-01-07,2020-03-05
Bob,2020-01-05,2020-10-05
Elsa,2020-01-04,2020-02-02
Freya,2020-01-04,2020-10-05
Freya,2020-01-04,2020-02-12
Charlie,2020-01-04,2020-01-12
Elsa,2020-01-05,2020-02-12
David,2020-01-04,2020-01-12
Bob,2020-01-04,2020-10-05
Gaston,2020-01-05,2020-02-02
Bob,2020-01-02,2020-10-05
Elsa,2020-01-02,2020-03-05
Hercules,2020-01-03,2020-10-05
David,2020-01-02,2020-02-02
Gaston,2020-01-01,2020-02-02
Hercules,2020-01-01,2020-01-12
Bob,2020-01-07,2020-02-12
Charlie,2020-01-01,2020-10-05
Elsa,2020-01-05,2020-10-05
Charlie,2020-01-03,2020-02-02
Charlie,2020-01-01,2020-02-02
Charlie,2020-01-07,2020-02-02
Gaston,2020-01-05,2020-02-12
Hercules,2020-01-03,2020-02-02
Gaston,2020-01-01,2020-02-02
Elsa,2020-01-04,2020-03-05
Charlie,2020-01-06,2020-03-05
Alice,2020-01-06,2020-10-05
Elsa,2020-01-07,2020-03-05
Alice,2020-01-03,2020-02-12
Bob,2020-01-04,2020-02-02
Hercules,2020-01-05,2020-10-05
Charlie,2020-01-05,2020-02-12
Charlie,2020-01-05,2020-10-05
Charlie,2020-01-04,2020-03-05
Charlie,2020-01-05,2020-03-05
Freya,2020-01-01,2020-02-02
Hercules,2020-01-03,2020-03-05
Bob,2020-01-05,2020-02-02
Alice,2020-01-07,2020-02-12
Bob,2020-01-05,2020-02-02
Charlie,2020-01-03,2020-03-05
Freya,2020-01-03,2020-02-02
Gaston,2020-01-04,2020-03-05
Hercules,2020-01-03,2020-03-05
Gaston,2020-01-04,2020-01-12
Alice,2020-01-07,2020-02-12
David,2020-01-06,2020-03-05
Alice,2020-01-06,2020-03-05
Charlie,2020-01-07,2020-02-12
Charlie,2020-01-07,2020-10-05
Charlie,2020-01-05,2020-02-02
Elsa,2020-01-06,2020-03-05
Bob,2020-01-02,2020-03-05
Freya,2020-01-03,2020-10-05
Bob,2020-01-03,2020-10-05
Charlie,2020-01-03,2020-03-05
Hercules,2020-01-07,2020-02-12
Hercules,2020-01-03,2020-10-05
Bob,2020-01-03,2020-02-12
Charlie,2020-01-05,2020-02-12
David,2020-01-04,2020-02-02
Bob,2020-01-05,2020-10-05
Alice,2020-01-01,2020-10-05
Elsa,2020-01-03,2020-10-05
Freya,2020-01-05,2020-02-12
David,2020-01-07,2020-03-05
Hercules,2020-01-07,2020-02-02
Bob,2020-01-06,2020-02-02
David,2020-01-01,2020-03-05
Charlie,2020-01-07,2020-10-05
Gaston,2020-01-03,2020-02-12
Elsa,2020-01-06,2020-10-05
David,2020-01-06,2020-02-12
Bob,2020-01-01,2020-10-05
Hercules,2020-01-04,2020-01-12
David,2020-01-01,2020-03-05
Hercules,2020-01-05,2020-10-05
Freya,2020-01-06,2020-02-02
Gaston,2020-01-06,2020-10-05
Elsa,2020-01-04,2020-02-12
David,2020-01-04,2020-01-12
Bob,2020-01-04,2020-02-12
Gaston,2020-01-07,2020-03-05
Hercules,2020-01-03,2020-10-05
Freya,2020-01-03,2020-01-12
Bob,2020-01-06,2020-01-12
Gaston,2020-01-03,2020-02-02
Alice,2020-01-01,2020-01-12
Charlie,2020-01-02,2020-02-02
Charlie,2020-01-04,2020-02-02
Charlie,2020-01-01,2020-02-12
Hercules,2020-01-01,2020-02-12
Bob,2020-01-05,2020-03-05
David,2020-01-07,2020-03-05
Gaston,2020-01-03,2020-02-02
David,2020-01-02,2020-01-12
David,2020-01-05,2020-02-02
Alice,2020-01-02,2020-02-12
Bob,2020-01-02,2020-03-05
Alice,2020-01-02,2020-03-05
Alice,2020-01-03,2020-02-02
Gaston,2020-01-03,2020-02-02
Bob,2020-01-06,2020-10-05
Bob,2020-01-04,2020-10-05
Freya,2020-01-04,2020-02-02
Freya,2020-01-02,2020-02-02
Elsa,2020-01-06,2020-01-12
Charlie,2020-01-07,2020-01-12
Hercules,2020-01-01,2020-10-05
Freya,2020-01-05,2020-01-12
Elsa,2020-01-04,2020-01-12
Bob,2020-01-01,2020-02-02
David,2020-01-03,2020-02-12
Hercules,2020-01-04,2020-02-12
Elsa,2020-01-07,2020-03-05
Freya,2020-01-01,2020-03-05
Hercules,2020-01-06,2020-02-02
David,2020-01-01,2020-02-02
Bob,2020-01-06,2020-03-05
Elsa,2020-01-01,2020-01-12
Bob,2020-01-01,2020-03-05
Elsa,2020-01-03,2020-01-12
Charlie,2020-01-02,2020-10-05
Freya,2020-01-03,2020-02-02
Gaston,2020-01-01,2020-10-05
Charlie,2020-01-05,2020-02-12
Charlie,2020-01-02,2020-01-12
Charlie,2020-01-05,2020-02-02
Bob,2020-01-02,2020-02-12
Elsa,2020-01-01,2020-02-02
Bob,2020-01-05,2020-10-05
Hercules,2020-01-03,2020-02-12
Bob,2020-01-04,2020-10-05
Freya,2020-01-02,2020-02-02
Charlie,2020-01-01,2020-01-12
David,2020-01-06,2020-02-12
Bob,2020-01-01,2020-02-02
Hercules,2020-01-01,2020-10-05
David,2020-01-04,2020-02-12
David,2020-01-02,2020-03-05
Gaston,2020-01-05,2020-03-05
Freya,2020-01-04,2020-02-12
Gaston,2020-01-06,2020-10-05
Freya,2020-01-07,2020-02-12
Alice,2020-01-06,2020-03-05
Freya,2020-01-06,2020-03-05
Gaston,2020-01-02,2020-01-12
Charlie,2020-01-01,2020-03-05
Elsa,2020-01-07,2020-03-05
Hercules,2020-01-02,2020-02-02
Gaston,2020-01-07,2020-02-02
Charlie,2020-01-01,2020-02-02
Hercules,2020-01-07,2020-02-12
Freya,2020-01-07,2020-10-05
Hercules,2020-01-01,2020-02-12
Bob,2020-01-06,2020-01-12
Elsa,2020-01-04,2020-03-05
Gaston,2020-01-05,2020-01-12
Hercules,2020-01-06,2020-01-12
Gaston,2020-01-07,2020-02-12
David,2020-01-03,2020-03-05
David,2020-01-06,2020-02-12
Gaston,2020-01-01,2020-03-05
Freya,2020-01-06,2020-01-12
Charlie,2020-01-06,2020-03-05
Bob,2020-01-03,2020-01-12
Elsa,2020-01-05,2020-02-02
Bob,2020-01-07,2020-10-05
Bob,2020-01-07,2020-03-05
Bob,2020-01-07,2020-02-12
David,2020-01-05,2020-10-05
Alice,2020-01-02,2020-01-12
Hercules,2020-01-01,2020-10-05
Elsa,2020-01-06,2020-10-05
Freya,2020-01-05,2020-01-12
Hercules,2020-01-04,2020-02-02
David,2020-01-06,2020-03-05
David,2020-01-04,2020-10-05
Gaston,2020-01-01,2020-02-12
Gaston,2020-01-03,2020-02-02
Elsa,2020-01-07,2020-03-05
Alice,2020-01-01,2020-02-12
Elsa,2020-01-07,2020-02-02
Charlie,2020-01-07,2020-01-12
Bob,2020-01-07,2020-03-05
Elsa,2020-01-02,2020-01-12
Charlie,2020-01-03,2020-02-02
Charlie,2020-01-02,2020-10-05
Hercules,2020-01-03,2020-03-05
Bob,2020-01-03,2020-02-12
Bob,2020-01-04,2020-02-12
Gaston,2020-01-07,2020-02-02
Hercules,2020-01-03,2020-02-12
Charlie,2020-01-03,2020-01-12
Gaston,2020-01-02,2020-10-05
Hercules,2020-01-03,2020-03-05
Hercules,2020-01-07,2020-03-05
Elsa,2020-01-01,2020-02-12
Alice,2020-01-04,2020-03-05
Freya,2020-01-03,2020-10-05
Charlie,2020-01-05,2020-02-12
Gaston,2020-01-01,2020-03-05
Elsa,2020-01-04,2020-03-05
Freya,2020-01-04,2020-02-12
Hercules,2020-01-06,2020-02-12
Elsa,2020-01-02,2020-10-05
Charlie,2020-01-04,2020-02-12
Alice,2020-01-02,2020-10-05
Bob,2020-01-07,2020-01-12
Alice,2020-01-01,2020-03-05
Freya,2020-01-04,2020-10-05
Hercules,2020-01-02,2020-10-05
Charlie,2020-01-03,2020-01-12
Freya,2020-01-05,2020-10-05
Alice,2020-01-05,2020-02-02
David,2020-01-07,2020-03-05
Hercules,2020-01-02,2020-02-12
Bob,2020-01-02,2020-01-12
Gaston,2020-01-06,2020-02-12
David,2020-01-04,2020-10-05
Charlie,2020-01-06,2020-01-12
Gaston,2020-01-07,2020-10-05
David,2020-01-05,2020-10-05
David,2020-01-04,2020-02-02
Gaston,2020-01-04,2020-02-02
Charlie,2020-01-05,2020-01-12
Gaston,2020-01-01,2020-02-12
Freya,2020-01-07,2020-02-02
Freya,2020-01-03,2020-02-12
Hercules,2020-01-05,2020-01-12
Bob,2020-01-03,2020-02-12
Gaston,2020-01-02,2020-02-02
Alice,2020-01-01,2020-02-12
Freya,2020-01-06,2020-01-12
Hercules,2020-01-02,2020-02-12
Bob,2020-01-01,2020-01-12
David,2020-01-06,2020-03-05
Gaston,2020-01-06,2020-03-05
Freya,2020-01-07,2020-02-02
Alice,2020-01-04,2020-01-12
David,2020-01-06,2020-10-05
Alice,2020-01-07,2020-01-12
Elsa,2020-01-03,2020-03-05
Bob,2020-01-03,2020-02-12
Alice,2020-01-06,2020-01-12
Alice,2020-01-04,2020-01-12
Hercules,2020-01-06,2020-02-02
Alice,2020-01-03,2020-03-05
Freya,2020-01-06,2020-10-05
Alice,2020-01-01,2020-03-05
Elsa,2020-01-05,2020-02-02
David,2020-01-03,2020-01-12
David,2020-01-01,2020-10-05
Freya,2020-01-06,2020-02-12
Freya,2020-01-04,2020-03-05
Gaston,2020-01-02,2020-02-02
Freya,2020-01-05,2020-02-02
Alice,2020-01-02,2020-10-05
Elsa,2020-01-07,2020-01-12
Bob,2020-01-01,2020-02-02
Charlie,2020-01-04,2020-02-02
Freya,2020-01-05,2020-03-05
Bob,2020-01-03,2020-03-05
Freya,2020-01-02,2020-02-02
Elsa,2020-01-01,2020-01-12
Freya,2020-01-01,2020-02-12
Freya,2020-01-03,2020-03-05
Hercules,2020-01-05,2020-02-12
David,2020-01-03,2020-03-05
Alice,2020-01-07,2020-01-12
Bob,2020-01-07,2020-03-05
Charlie,2020-01-05,2020-01-12
Charlie,2020-01-03,2020-02-12
Elsa,2020-01-03,2020-10-05
Hercules,2020-01-05,2020-01-12
Elsa,2020-01-04,2020-01-12
Freya,2020-01-04,2020-10-05
Hercules,2020-01-06,2020-03-05
Bob,2020-01-02,2020-03-05
Charlie,2020-01-03,2020-03-05
Alice,2020-01-05,2020-03-05
Elsa,2020-01-02,2020-02-02
Freya,2020-01-06,2020-03-05
Elsa,2020-01-05,2020-10-05
Elsa,2020-01-02,2020-01-12
David,2020-01-07,2020-02-02
Hercules,2020-01-01,2020-02-12
Bob,2020-01-03,2020-02-12
Hercules,2020-01-06,2020-03-05
Gaston,2020-01-07,2020-03-05
Charlie,2020-01-07,2020-02-02
Hercules,2020-01-05,2020-02-02
Alice,2020-01-07,2020-02-02
Bob,2020-01-03,2020-01-12
Gaston,2020-01-01,2020-10-05
Gaston,2020-01-03,2020-10-05
David,2020-01-01,2020-03-05
David,2020-01-01,2020-03-05
Alice,2020-01-05,2020-02-02
Bob,2020-01-06,2020-02-02
Elsa,2020-01-01,2020-03-05
Hercules,2020-01-03,2020-02-12
Gaston,2020-01-05,2020-10-05
Hercules,2020-01-06,2020-10-05
Hercules,2020-01-01,2020-01-12
David,2020-01-03,2020-02-12
Elsa,2020-01-01,2020-03-05
Elsa,2020-01-04,2020-03-05
Alice,2020-01-01,2020-03-05
Alice,2020-01-06,2020-02-12
Hercules,2020-01-01,2020-02-12
Bob,2020-01-05,2020-02-12
Charlie,2020-01-05,2020-02-02
Hercules,2020-01-03,2020-02-02
Hercules,2020-01-07,2020-02-02
Bob,2020-01-05,2020-03-05
David,2020-01-07,2020-10-05
Alice,2020-01-03,2020-02-12
Gaston,2020-01-02,2020-10-05
Hercules,2020-01-01,2020-03-05
Elsa,2020-01-02,2020-10-05
Freya,2020-01-03,2020-01-12
Gaston,2020-01-04,2020-03-05
Elsa,2020-01-06,2020-02-02
Elsa,2020-01-05,2020-03-05
Bob,2020-01-07,2020-02-02
Freya,2020-01-06,2020-03-05
Alice,2020-01-06,2020-10-05
Freya,2020-01-01,2020-01-12
David,2020-01-07,2020-01-12
Gaston,2020-01-06,2020-03-05
Alice,2020-01-01,2020-01-12
Charlie,2020-01-07,2020-01-12
Hercules,2020-01-04,2020-10-05
David,2020-01-03,2020-01-12
Gaston,2020-01-05,2020-10-05
Elsa,2020-01-05,2020-02-02
Hercules,2020-01-06,2020-10-05
Elsa,2020-01-04,2020-02-02
Bob,2020-01-01,2020-02-12
Bob,2020-01-07,2020-02-02
Alice,2020-01-07,2020-01-12
David,2020-01-01,2020-01-12
David,2020-01-06,2020-02-12
Elsa,2020-01-02,2020-01-12
Freya,2020-01-01,2020-03-05
Charlie,2020-01-01,2020-02-12
Gaston,2020-01-02,2020-01-12
Bob,2020-01-05,2020-10-05
Freya,2020-01-07,2020-10-05
Alice,2020-01-06,2020-02-02
Charlie,2020-01-07,2020-01-12
Elsa,2020-01-03,2020-02-12
David,2020-01-01,2020-02-02
Hercules,2020-01-04,2020-10-05
Gaston,2020-01-03,2020-01-12
Elsa,2020-01-04,2020-10-05
Gaston,2020-01-07,2020-02-12
Charlie,2020-01-03,2020-02-02
Elsa,2020-01-07,2020-01-12
Freya,2020-01-07,2020-02-12
Gaston,2020-01-06,2020-03-05
Bob,2020-01-02,2020-10-05
Charlie,2020-01-01,2020-10-05
Hercules,2020-01-07,2020-01-12
Elsa,2020-01-05,2020-02-02
Bob,2020-01-04,2020-10-05
Bob,2020-01-06,2020-03-05
Gaston,2020-01-04,2020-03-05
Charlie,2020-01-05,2020-10-05
Bob,2020-01-05,2020-03-05
Bob,2020-01-05,2020-10-05
Freya,2020-01-07,2020-10-05
Alice,2020-01-01,2020-02-12
Alice,2020-01-01,2020-02-02
Bob,2020-01-07,2020-10-05
Bob,2020-01-03,2020-10-05
Hercules,2020-01-02,2020-03-05
Elsa,2020-01-07,2020-01-12
Hercules,2020-01-04,2020-02-12
Hercules,2020-01-06,2020-02-02
Gaston,2020-01-03,2020-01-12
Elsa,2020-01-04,2020-02-12
Alice,2020-01-03,2020-02-02
Elsa,2020-01-02,2020-03-05
Freya,2020-01-07,2020-01-12
Bob,2020-01-01,2020-03-05
Hercules,2020-01-04,2020-02-02
Freya,2020-01-02,2020-03-05
Alice,2020-01-07,2020-01-12
Gaston,2020-01-02,2020-02-02
Freya,2020-01-01,2020-02-02
Gaston,2020-01-02,2020-10-05
Hercules,2020-01-07,2020-01-12
David,2020-01-01,2020-02-12
Bob,2020-01-05,2020-03-05
Elsa,2020-01-05,2020-03-05
Hercules,2020-01-02,2020-10-05
David,2020-01-03,2020-02-12
David,2020-01-01,2020-01-12
Gaston,2020-01-07,2020-02-02
Bob,2020-01-02,2020-01-12
Freya,2020-01-05,2020-02-02
Charlie,2020-01-04,2020-02-02
David,2020-01-04,2020-02-12
David,2020-01-05,2020-02-02
Hercules,2020-01-01,2020-10-05
Charlie,2020-01-06,2020-10-05
Hercules,2020-01-06,2020-10-05
Bob,2020-01-02,2020-10-05
Alice,2020-01-02,2020-02-02
Hercules,2020-01-06,2020-10-05
Gaston,2020-01-07,2020-02-12
Gaston,2020-01-02,2020-03-05
Charlie,2020-01-03,2020-10-05
Elsa,2020-01-04,2020-02-12
Charlie,2020-01-01,2020-01-12
Hercules,2020-01-05,2020-02-02
Bob,2020-01-05,2020-03-05
Hercules,2020-01-02,2020-03-05
Freya,2020-01-07,2020-10-05
Charlie,2020-01-01,2020-10-05
Bob,2020-01-05,2020-02-12
Bob,2020-01-06,2020-01-12
Bob,2020-01-06,2020-01-12
David,2020-01-02,2020-01-12
Charlie,2020-01-02,2020-03-05
Bob,2020-01-02,2020-02-12
Bob,2020-01-06,2020-10-05
Charlie,2020-01-04,2020-03-05
Charlie,2020-01-05,2020-03-05
David,2020-01-05,2020-02-12
David,2020-01-05,2020-03-05
Freya,2020-01-05,2020-03-05
Freya,2020-01-02,2020-10-05
Bob,2020-01-02,2020-10-05
Alice,2020-01-02,2020-10-05
Hercules,2020-01-01,2020-02-02
David,2020-01-03,2020-03-05
Alice,2020-01-03,2020-10-05
Charlie,2020-01-05,2020-01-12
Alice,2020-01-01,2020-02-02
Charlie,2020-01-05,2020-01-12
Charlie,2020-01-03,2020-01-12
David,2020-01-04,2020-02-12
Hercules,2020-01-01,2020-02-12
Elsa,2020-01-07,2020-03-05
Elsa,2020-01-03,2020-03-05
Hercules,2020-01-01,2020-02-12
Charlie,2020-01-04,2020-02-12
David,2020-01-05,2020-02-02
Hercules,2020-01-05,2020-03-05
Freya,2020-01-07,2020-02-02
David,2020-01-01,2020-01-12
Gaston,2020-01-04,2020-01-12
David,2020-01-03,2020-02-02
Hercules,2020-01-04,2020-03-05
Freya,2020-01-03,2020-10-05
Hercules,2020-01-03,2020-02-12
Gaston,2020-01-07,2020-02-12
Hercules,2020-01-03,2020-01-12
David,2020-01-05,2020-01-12
Freya,2020-01-01,2020-02-02
Hercules,2020-01-02,2020-10-05
Elsa,2020-01-03,2020-03-05
Alice,2020-01-05,2020-03-05
Alice,2020-01-03,2020-02-12
Elsa,2020-01-05,2020-02-12
David,2020-01-02,2020-03-05
Bob,2020-01-07,2020-03-05
David,2020-01-03,2020-01-12
David,2020-01-01,2020-10-05
Hercules,2020-01-05,2020-02-02
Freya,2020-01-07,2020-02-02
David,2020-01-02,2020-03-05
Charlie,2020-01-03,2020-02-12
Gaston,2020-01-04,2020-10-05
Gaston,2020-01-01,2020-02-02
David,2020-01-05,2020-03-05
Hercules,2020-01-01,2020-03-05
Hercules,2020-01-02,2020-02-12
Elsa,2020-01-02,2020-02-12
Bob,2020-01-05,2020-03-05
Elsa,2020-01-06,2020-02-12
Hercules,2020-01-04,2020-03-05
Hercules,2020-01-01,2020-02-12
Bob,2020-01-03,2020-01-12
Bob,2020-01-04,2020-02-12
Gaston,2020-01-06,2020-03-05
David,2020-01-05,2020-10-05
Gaston,2020-01-02,2020-02-12
Alice,2020-01-04,2020-10-05
Alice,2020-01-05,2020-10-05
Gaston,2020-01-05,2020-02-02
Elsa,2020-01-02,2020-03-05
Elsa,2020-01-04,2020-01-12
Elsa,2020-01-01,2020-02-02
Freya,2020-01-04,2020-02-02
Freya,2020-01-01,2020-03-05
Alice,2020-01-02,2020-02-02
Bob,2020-01-02,2020-01-12
Charlie,2020-01-04,2020-01-12
Gaston,2020-01-04,2020-10-05
Charlie,2020-01-07,2020-03-05
Hercules,2020-01-04,2020-02-12
Bob,2020-01-02,2020-03-05
David,2020-01-03,2020-02-02
Elsa,2020-01-02,2020-02-02
Charlie,2020-01-02,2020-01-12
Elsa,2020-01-05,2020-02-02
Charlie,2020-01-04,2020-02-12
Alice,2020-01-03,2020-03-05
Gaston,2020-01-03,2020-10-05
Charlie,2020-01-02,2020-02-12
Hercules,2020-01-07,2020-01-12
Gaston,2020-01-02,2020-02-12
Bob,2020-01-05,2020-02-12
Hercules,2020-01-01,2020-02-02
Bob,2020-01-04,2020-02-02
Gaston,2020-01-03,2020-02-12
Elsa,2020-01-04,2020-02-12
Charlie,2020-01-07,2020-02-12
Hercules,2020-01-04,2020-03-05
David,2020-01-07,2020-02-02
Bob,2020-01-07,2020-03-05
David,2020-01-03,2020-03-05
Alice,2020-01-04,2020-02-12
Hercules,2020-01-05,2020-03-05
Elsa,2020-01-05,2020-10-05
Elsa,2020-01-05,2020-03-05
Elsa,2020-01-06,2020-01-12
Charlie,2020-01-01,2020-10-05
Bob,2020-01-02,2020-10-05
Hercules,2020-01-05,2020-01-12
Alice,2020-01-02,2020-02-12
Elsa,2020-01-05,2020-10-05
Freya,2020-01-01,2020-02-02
Charlie,2020-01-05,2020-01-12
Hercules,2020-01-02,2020-01-12
Gaston,2020-01-07,2020-02-12
Charlie,2020-01-03,2020-10-05
David,2020-01-02,2020-02-12
Freya,2020-01-02,2020-03-05
Bob,2020-01-06,2020-02-12
David,2020-01-01,2020-01-12
Freya,2020-01-06,2020-02-02
Hercules,2020-01-03,2020-10-05
Elsa,2020-01-03,2020-02-02
David,2020-01-06,2020-02-02
Hercules,2020-01-05,2020-01-12
Freya,2020-01-06,2020-01-12
David,2020-01-06,2020-02-02
Bob,2020-01-07,2020-03-05
David,2020-01-02,2020-02-12
Charlie,2020-01-04,2020-01-12
Hercules,2020-01-02,2020-10-05
David,2020-01-02,2020-01-12
Charlie,2020-01-01,2020-02-12
David,2020-01-04,2020-01-12
Elsa,2020-01-02,2020-03-05
Elsa,2020-01-02,2020-10-05
Freya,2020-01-04,2020-02-02
Gaston,2020-01-03,2020-02-12
Bob,2020-01-01,2020-10-05
Bob,2020-01-06,2020-02-02
Hercules,2020-01-03,2020-01-12
Gaston,2020-01-04,2020-01-12
Charlie,2020-01-07,2020-03-05
Hercules,2020-01-01,2020-02-02
David,2020-01-04,2020-02-02
Hercules,2020-01-03,2020-03-05
Alice,2020-01-06,2020-03-05
Alice,2020-01-07,2020-01-12
Freya,2020-01-02,2020-03-05
Freya,2020-01-02,2020-01-12
Gaston,2020-01-03,2020-02-12
Alice,2020-01-02,2020-03-05
David,2020-01-01,2020-01-12
Charlie,2020-01-04,2020-01-12
Bob,2020-01-01,2020-02-12
Hercules,2020-01-01,2020-10-05
Freya,2020-01-07,2020-03-05
Gaston,2020-01-03,2020-02-12
Alice,2020-01-04,2020-02-02
Bob,2020-01-01,2020-10-05
Bob,2020-01-04,2020-10-05
Alice,2020-01-05,2020-01-12
Bob,2020-01-05,2020-02-02
Hercules,2020-01-07,2020-03-05
David,2020-01-02,2020-01-12
Hercules,2020-01-03,2020-01-12
David,2020-01-01,2020-02-02
Elsa,2020-01-01,2020-10-05
Alice,2020-01-02,2020-02-02
Bob,2020-01-01,2020-01-12
Gaston,2020-01-01,2020-02-12
Freya,2020-01-02,2020-10-05
Gaston,2020-01-02,2020-10-05
Bob,2020-01-07,2020-01-12
David,2020-01-03,2020-03-05
Elsa,2020-01-07,2020-03-05
Alice,2020-01-02,2020-02-12
Alice,2020-01-01,2020-02-02
Hercules,2020-01-05,2020-02-02
Elsa,2020-01-05,2020-02-02
Charlie,2020-01-03,2020-03-05
Bob,2020-01-04,2020-01-12
Bob,2020-01-07,2020-01-12
Freya,2020-01-02,2020-01-12
David,2020-01-01,2020-01-12
Bob,2020-01-02,2020-03-05
Bob,2020-01-01,2020-10-05
David,2020-01-06,2020-10-05
Charlie,2020-01-05,2020-02-12
David,2020-01-06,2020-10-05
David,2020-01-01,2020-01-12
Bob,2020-01-02,2020-02-12
Charlie,2020-01-07,2020-01-12
Gaston,2020-01-07,2020-02-02
Bob,2020-01-07,2020-02-12
Freya,2020-01-01,2020-10-05
Charlie,2020-01-02,2020-01-12
David,2020-01-04,2020-01-12
Hercules,2020-01-07,2020-01-12
Elsa,2020-01-07,2020-10-05
Elsa,2020-01-04,2020-03-05
Bob,2020-01-05,2020-01-12
Alice,2020-01-07,2020-10-05
Alice,2020-01-01,2020-03-05
Freya,2020-01-03,2020-03-05
Freya,2020-01-07,2020-02-02
Freya,2020-01-05,2020-10-05
Gaston,2020-01-06,2020-10-05
Alice,2020-01-03,2020-02-02
Bob,2020-01-07,2020-02-12
Bob,2020-01-01,2020-02-02
Charlie,2020-01-02,2020-10-05
Freya,2020-01-05,2020-03-05
Gaston,2020-01-06,2020-02-12
Freya,2020-01-06,2020-01-12
Freya,2020-01-04,2020-10-05
Bob,2020-01-01,2020-10-05
Freya,2020-01-05,2020-03-05
Hercules,2020-01-03,2020-10-05
David,2020-01-01,2020-03-05
Bob,2020-01-02,2020-01-12
Elsa,2020-01-01,2020-02-12
Elsa,2020-01-05,2020-03-05
Elsa,2020-01-03,2020-01-12
Freya,2020-01-07,2020-03-05
Alice,2020-01-06,2020-02-02
Freya,2020-01-04,2020-03-05
Bob,2020-01-06,2020-03-05
Hercules,2020-01-07,2020-02-02
Freya,2020-01-01,2020-03-05
Charlie,2020-01-03,2020-02-02
Charlie,2020-01-06,2020-02-02
Bob,2020-01-06,2020-10-05
Bob,2020-01-07,2020-10-05
Elsa,2020-01-06,2020-02-12
Charlie,2020-01-04,2020-01-12
David,2020-01-05,2020-02-12
Gaston,2020-01-07,2020-10-05
Hercules,2020-01-07,2020-02-02
Charlie,2020-01-07,2020-10-05
Elsa,2020-01-07,2020-10-05
Charlie,2020-01-03,2020-02-12
Gaston,2020-01-07,2020-02-02
Bob,2020-01-06,2020-01-12
Elsa,2020-01-06,2020-02-12
Charlie,2020-01-05,2020-02-02
Gaston,2020-01-01,2020-10-05
Elsa,2020-01-05,2020-03-05
Elsa,2020-01-01,2020-10-05
Freya,2020-01-01,2020-02-02
Hercules,2020-01-04,2020-02-02
Hercules,2020-01-02,2020-02-12
David,2020-01-07,2020-01-12
Alice,2020-01-02,2020-02-02
Bob,2020-01-01,2020-02-02
Alice,2020-01-03,2020-02-12
Gaston,2020-01-05,2020-03-05
Charlie,2020-01-05,2020-03-05
David,2020-01-05,2020-10-05
Hercules,2020-01-04,2020-02-12
Alice,2020-01-07,2020-02-02
David,2020-01-04,2020-01-12
Hercules,2020-01-04,2020-02-12
Hercules,2020-01-05,2020-03-05
Freya,2020-01-04,2020-03-05
Charlie,2020-01-02,2020-01-12
Hercules,2020-01-03,2020-02-02
Freya,2020-01-07,2020-02-12
Gaston,2020-01-07,2020-03-05
Alice,2020-01-04,2020-02-12
Charlie,2020-01-06,2020-02-12
Bob,2020-01-02,2020-01-12
David,2020-01-03,2020-02-02
Bob,2020-01-03,2020-10-05
Gaston,2020-01-05,2020-03-05
Bob,2020-01-05,2020-10-05
Freya,2020-01-03,2020-02-02
Hercules,2020-01-07,2020-01-12
Charlie,2020-01-07,2020-10-05
Bob,2020-01-03,2020-03-05
Alice,2020-01-04,2020-10-05
Hercules,2020-01-04,2020-02-02
Freya,2020-01-05,2020-03-05
Hercules,2020-01-03,2020-01-12
Hercules,2020-01-04,2020-03-05
Hercules,2020-01-01,2020-01-12
Hercules,2020-01-05,2020-02-12
Hercules,2020-01-05,2020-01-12
Hercules,2020-01-03,2020-02-02
Hercules,2020-01-05,2020-02-12
Alice,2020-01-06,2020-03-05
David,2020-01-01,2020-02-02
Charlie,2020-01-06,2020-10-05
Freya,2020-01-03,2020-10-05
Hercules,2020-01-07,2020-01-12
Elsa,2020-01-04,2020-02-02
Alice,2020-01-02,2020-10-05
Alice,2020-01-07,2020-03-05
Hercules,2020-01-01,2020-03-05
David,2020-01-03,2020-02-12
Bob,2020-01-02,2020-10-05
Freya,2020-01-01,2020-02-02
Elsa,2020-01-03,2020-03-05
Charlie,2020-01-07,2020-10-05
Freya,2020-01-07,2020-01-12
David,2020-01-03,2020-10-05
David,2020-01-05,2020-01-12
Gaston,2020-01-02,2020-02-12
Charlie,2020-01-07,2020-02-02
Alice,2020-01-04,2020-01-12
Gaston,2020-01-01,2020-10-05
Elsa,2020-01-05,2020-02-12
Charlie,2020-01-02,2020-02-12
Gaston,2020-01-02,2020-01-12
Hercules,2020-01-04,2020-10-05
Bob,2020-01-03,2020-02-02
Bob,2020-01-03,2020-02-12
Charlie,2020-01-07,2020-02-02
Alice,2020-01-02,2020-10-05
David,2020-01-05,2020-03-05
Alice,2020-01-04,2020-03-05
Hercules,2020-01-05,2020-10-05
Bob,2020-01-07,2020-10-05
Hercules,2020-01-04,2020-01-12
Freya,2020-01-02,2020-01-12
Freya,2020-01-04,2020-01-12
Elsa,2020-01-02,2020-03-05
Gaston,2020-01-04,2020-02-02
David,2020-01-02,2020-02-02
Hercules,2020-01-02,2020-02-12
Hercules,2020-01-04,2020-10-05
Freya,2020-01-04,2020-01-12
David,2020-01-07,2020-03-05
Gaston,2020-01-02,2020-01-12
Gaston,2020-01-02,2020-02-02
David,2020-01-05,2020-10-05
Gaston,2020-01-05,2020-01-12
Bob,2020-01-04,2020-02-02
Alice,2020-01-06,2020-02-02
Bob,2020-01-06,2020-01-12
Hercules,2020-01-07,2020-10-05
Freya,2020-01-02,2020-02-12
Freya,2020-01-07,2020-02-02
Freya,2020-01-05,2020-10-05
Gaston,2020-01-07,2020-02-12
Hercules,2020-01-02,2020-03-05
Freya,2020-01-02,2020-01-12
Hercules,2020-01-05,2020-02-02
Alice,2020-01-03,2020-02-02
Alice,2020-01-03,2020-01-12
Bob,2020-01-05,2020-01-12
Alice,2020-01-05,2020-02-12
Hercules,2020-01-02,2020-02-02
Charlie,2020-01-03,2020-02-02
Elsa,2020-01-05,2020-02-02
Freya,2020-01-07,2020-02-12
David,2020-01-02,2020-02-12
David,2020-01-03,2020-01-12
Bob,2020-01-07,2020-01-12
Bob,2020-01-07,2020-02-12
Freya,2020-01-05,2020-02-12
Charlie,2020-01-01,2020-03-05
Alice,2020-01-01,2020-10-05
Gaston,2020-01-03,2020-03-05
Freya,2020-01-06,2020-01-12
Gaston,2020-01-01,2020-02-02
Elsa,2020-01-03,2020-01-12
Alice,2020-01-01,2020-01-12
Alice,2020-01-01,2020-01-12
Bob,2020-01-01,2020-03-05
Elsa,2020-01-02,2020-03-05
Charlie,2020-01-07,2020-10-05
Gaston,2020-01-05,2020-10-05
Freya,2020-01-01,2020-01-12
Hercules,2020-01-03,2020-02-02
Alice,2020-01-07,2020-02-12
Charlie,2020-01-06,2020-02-12
Hercules,2020-01-07,2020-10-05
Freya,2020-01-05,2020-01-12
Bob,2020-01-05,2020-02-02
Gaston,2020-01-05,2020-10-05
Hercules,2020-01-02,2020-10-05
Freya,2020-01-07,2020-03-05
Hercules,2020-01-05,2020-02-02
David,2020-01-02,2020-02-12
Freya,2020-01-05,2020-02-12
David,2020-01-01,2020-02-02
Elsa,2020-01-03,2020-03-05
Freya,2020-01-06,2020-02-12
David,2020-01-01,2020-01-12
David,2020-01-05,2020-01-12
Freya,2020-01-05,2020-10-05
Freya,2020-01-05,2020-10-05
Hercules,2020-01-04,2020-10-05
Alice,2020-01-06,2020-03-05
Bob,2020-01-05,2020-02-12
David,2020-01-06,2020-02-12
David,2020-01-07,2020-10-05
Alice,2020-01-06,2020-10-05
Charlie,2020-01-01,2020-03-05
Gaston,2020-01-05,2020-01-12
David,2020-01-02,2020-03-05
Freya,2020-01-03,2020-01-12
Freya,2020-01-07,2020-01-12
Charlie,2020-01-01,2020-01-12
Alice,2020-01-06,2020-10-05
Hercules,2020-01-04,2020-10-05
Elsa,2020-01-06,2020-02-12
Alice,2020-01-05,2020-01-12
Charlie,2020-01-06,2020-10-05
Gaston,2020-01-06,2020-02-12
Gaston,2020-01-05,2020-02-02
Charlie,2020-01-03,2020-03-05
David,2020-01-07,2020-03-05
Elsa,2020-01-04,2020-10-05
Alice,2020-01-07,2020-01-12
Bob,2020-01-06,2020-10-05
Elsa,2020-01-02,2020-03-05
Gaston,2020-01-05,2020-02-12
Alice,2020-01-03,2020-02-02
Bob,2020-01-04,2020-02-02
Hercules,2020-01-02,2020-03-05
Elsa,2020-01-01,2020-10-05
Gaston,2020-01-05,2020-02-02
Bob,2020-01-06,2020-02-02
Elsa,2020-01-01,2020-02-02
David,2020-01-02,2020-10-05
Alice,2020-01-05,2020-02-02
Charlie,2020-01-04,2020-01-12
Alice,2020-01-03,2020-10-05
Charlie,2020-01-02,2020-10-05
Elsa,2020-01-07,2020-02-12
David,2020-01-06,2020-01-12
Alice,2020-01-06,2020-03-05
Charlie,2020-01-03,2020-02-02
Bob,2020-01-02,2020-02-12
Freya,2020-01-07,2020-10-05
Bob,2020-01-01,2020-02-02
Bob,2020-01-02,2020-01-12
David,2020-01-01,2020-01-12
Charlie,2020-01-05,2020-01-12
Freya,2020-01-01,2020-02-02
Charlie,2020-01-04,2020-02-12
Bob,2020-01-02,2020-02-02
David,2020-01-03,2020-01-12
Freya,2020-01-03,2020-02-02
Elsa,2020-01-07,2020-02-02
David,2020-01-01,2020-10-05
Freya,2020-01-06,2020-10-05
Gaston,2020-01-03,2020-03-05
Freya,2020-01-05,2020-01-12
Freya,2020-01-02,2020-03-05
Gaston,2020-01-07,2020-02-02
Bob,2020-01-03,2020-02-02
Bob,2020-01-03,2020-02-02
David,2020-01-01,2020-02-12
David,2020-01-04,2020-02-02
Hercules,2020-01-07,2020-10-05
Freya,2020-01-03,2020-01-12
Elsa,2020-01-07,2020-02-02
Bob,2020-01-02,2020-02-12
Bob,2020-01-04,2020-01-12
Elsa,2020-01-03,2020-10-05
David,2020-01-05,2020-03-05
Hercules,2020-01-07,2020-10-05
Gaston,2020-01-07,2020-03-05
Gaston,2020-01-04,2020-10-05
Elsa,2020-01-03,2020-01-12
Hercules,2020-01-06,2020-10-05
Hercules,2020-01-04,2020-02-12
Elsa,2020-01-06,2020-10-05
Hercules,2020-01-04,2020-02-02
Elsa,2020-01-07,2020-02-02
Alice,2020-01-02,2020-02-02
Gaston,2020-01-03,2020-01-12
Alice,2020-01-02,2020-03-05
Hercules,2020-01-05,2020-02-02
Elsa,2020-01-02,2020-02-12
Elsa,2020-01-02,2020-02-02
Elsa,2020-01-02,2020-02-02
Gaston,2020-01-04,2020-02-12
Alice,2020-01-03,2020-02-02
Gaston,2020-01-03,2020-10-05
Bob,2020-01-06,2020-01-12
Elsa,2020-01-01,2020-01-12
Bob,2020-01-01,2020-02-02
Freya,2020-01-01,2020-02-12
Elsa,2020-01-01,2020-01-12
Elsa,2020-01-06,2020-02-02
Alice,2020-01-03,2020-02-12
David,2020-01-01,2020-03-05
Charlie,2020-01-05,2020-02-12
Gaston,2020-01-06,2020-02-12
Gaston,2020-01-05,2020-02-02
Alice,2020-01-02,2020-02-02
Gaston,2020-01-03,2020-02-02
Alice,2020-01-02,2020-02-02
Elsa,2020-01-07,2020-02-02
Alice,2020-01-07,2020-10-05
Alice,2020-01-01,2020-03-05
David,2020-01-03,2020-03-05
Freya,2020-01-06,2020-02-02
Alice,2020-01-02,2020-02-02
Elsa,2020-01-03,2020-03-05
David,2020-01-06,2020-02-02
Hercules,2020-01-02,2020-02-02
David,2020-01-07,2020-02-12
Charlie,2020-01-01,2020-02-12
Elsa,2020-01-03,2020-02-02
Freya,2020-01-04,2020-03-05
David,2020-01-07,2020-02-02
Hercules,2020-01-03,2020-02-02
Bob,2020-01-01,2020-03-05
Elsa,2020-01-04,2020-01-12
Bob,2020-01-06,2020-10-05
Alice,2020-01-07,2020-02-02
Hercules,2020-01-01,2020-01-12
Freya,2020-01-04,2020-02-02
Hercules,2020-01-07,2020-01-12
Freya,2020-01-04,2020-01-12
David,2020-01-07,2020-03-05
Elsa,2020-01-06,2020-02-12
David,2020-01-03,2020-02-02
Charlie,2020-01-02,2020-02-02
Elsa,2020-01-03,2020-01-12
Charlie,2020-01-05,2020-10-05
Elsa,2020-01-06,2020-02-02
Alice,2020-01-06,2020-01-12
Freya,2020-01-06,2020-02-02
Elsa,2020-01-07,2020-02-12
Hercules,2020-01-03,2020-02-02
Charlie,2020-01-05,2020-02-12
Gaston,2020-01-02,2020-02-12
David,2020-01-01,2020-03-05
Charlie,2020-01-07,2020-01-12
Bob,2020-01-03,2020-01-12
Alice,2020-01-04,2020-02-02
Alice,2020-01-06,2020-01-12
Elsa,2020-01-05,2020-02-12
Elsa,2020-01-07,2020-03-05
Hercules,2020-01-03,2020-02-12
Freya,2020-01-04,2020-02-12
Gaston,2020-01-06,2020-01-12
Charlie,2020-01-01,2020-02-02
Alice,2020-01-02,2020-02-12
Hercules,2020-01-02,2020-10-05
Alice,2020-01-04,2020-01-12
Elsa,2020-01-01,2020-01-12
Bob,2020-01-07,2020-10-05
Gaston,2020-01-03,2020-10-05
Freya,2020-01-03,2020-01-12
Freya,2020-01-01,2020-03-05
Bob,2020-01-01,2020-10-05
Alice,2020-01-05,2020-03-05
Bob,2020-01-04,2020-03-05
Gaston,2020-01-02,2020-02-02
Elsa,2020-01-02,2020-01-12
Charlie,2020-01-04,2020-02-02
Elsa,2020-01-01,2020-02-02
Alice,2020-01-01,2020-02-02
Freya,2020-01-07,2020-02-12
Bob,2020-01-04,2020-01-12
Alice,2020-01-06,2020-10-05
Elsa,2020-01-07,2020-02-02
Charlie,2020-01-04,2020-01-12
Alice,2020-01-06,2020-02-12
Freya,2020-01-07,2020-03-05
David,2020-01-05,2020-10-05
Elsa,2020-01-06,2020-01-12
Hercules,2020-01-07,2020-02-02
David,2020-01-04,2020-10-05
Alice,2020-01-01,2020-02-02
Elsa,2020-01-02,2020-03-05
Alice,2020-01-07,2020-01-12
Freya,2020-01-03,2020-10-05
Bob,2020-01-05,2020-02-02
Elsa,2020-01-07,2020-02-02
Freya,2020-01-06,2020-10-05
Alice,2020-01-03,2020-02-02
Bob,2020-01-02,2020-02-12
Hercules,2020-01-06,2020-01-12
Gaston,2020-01-01,2020-03-05
Charlie,2020-01-07,2020-10-05
David,2020-01-01,2020-10-05
Freya,2020-01-06,2020-01-12
Elsa,2020-01-07,2020-02-12
Bob,2020-01-07,2020-02-02
Hercules,2020-01-03,2020-01-12
Alice,2020-01-02,2020-02-12
Bob,2020-01-07,2020-03-05
Elsa,2020-01-05,2020-02-02
Hercules,2020-01-07,2020-03-05
Gaston,2020-01-06,2020-03-05
Gaston,2020-01-05,2020-01-12
Alice,2020-01-02,2020-03-05
David,2020-01-05,2020-03-05
Alice,2020-01-01,2020-03-05
Elsa,2020-01-07,2020-03-05
Hercules,2020-01-03,2020-03-05
Gaston,2020-01-05,2020-01-12
Elsa,2020-01-03,2020-02-12
Elsa,2020-01-04,2020-10-05
Alice,2020-01-04,2020-02-02
Charlie,2020-01-04,2020-10-05
David,2020-01-02,2020-02-12
Alice,2020-01-04,2020-01-12
Charlie,2020-01-05,2020-03-05
Gaston,2020-01-01,2020-03-05
Alice,2020-01-02,2020-01-12
Charlie,2020-01-03,2020-03-05
Alice,2020-01-01,2020-10-05
Freya,2020-01-01,2020-02-02
Alice,2020-01-05,2020-10-05
Gaston,2020-01-01,2020-03-05
Freya,2020-01-01,2020-10-05
David,2020-01-04,2020-02-12
Alice,2020-01-05,2020-10-05
Bob,2020-01-02,2020-10-05
Gaston,2020-01-07,2020-02-02
David,2020-01-07,2020-10-05
Elsa,2020-01-03,2020-02-02
Elsa,2020-01-07,2020-01-12
Elsa,2020-01-01,2020-01-12
Freya,2020-01-07,2020-01-12
Elsa,2020-01-04,2020-03-05
Freya,2020-01-04,2020-01-12
Hercules,2020-01-05,2020-03-05
Charlie,2020-01-04,2020-02-12
Gaston,2020-01-07,2020-02-12
Elsa,2020-01-03,2020-03-05
Elsa,2020-01-01,2020-10-05
Gaston,2020-01-03,2020-02-12
David,2020-01-07,2020-02-12
Hercules,2020-01-03,2020-01-12
Alice,2020-01-01,2020-02-02
David,2020-01-02,2020-02-12
Gaston,2020-01-05,2020-03-05
Hercules,2020-01-05,2020-10-05
Charlie,2020-01-04,2020-03-05
Bob,2020-01-06,2020-01-12
Bob,2020-01-07,2020-10-05
Hercules,2020-01-01,2020-02-02
Elsa,2020-01-07,2020-03-05
Bob,2020-01-05,2020-03-05
David,2020-01-07,2020-10-05
Freya,2020-01-02,2020-02-12
Hercules,2020-01-03,2020-10-05
Charlie,2020-01-01,2020-03-05
Alice,2020-01-02,2020-10-05
Charlie,2020-01-07,2020-01-12
Freya,2020-01-02,2020-02-12
Hercules,2020-01-07,2020-02-12
Hercules,2020-01-03,2020-10-05
Alice,2020-01-07,2020-01-12
Elsa,2020-01-02,2020-01-12
Charlie,2020-01-01,2020-01-12
David,2020-01-07,2020-02-12
Hercules,2020-01-07,2020-03-05
Elsa,2020-01-03,2020-03-05
David,2020-01-07,2020-10-05
Elsa,2020-01-03,2020-10-05
Elsa,2020-01-02,2020-03-05
Freya,2020-01-06,2020-02-02
Charlie,2020-01-04,2020-03-05
David,2020-01-06,2020-02-02
Bob,2020-01-05,2020-03-05
Hercules,2020-01-01,2020-03-05
Bob,2020-01-05,2020-01-12
Alice,2020-01-07,2020-02-02
Elsa,2020-01-06,2020-02-12
Freya,2020-01-06,2020-01-12
Hercules,2020-01-07,2020-02-02
Charlie,2020-01-04,2020-02-02
Elsa,2020-01-04,2020-02-02
Gaston,2020-01-03,2020-01-12
Elsa,2020-01-02,2020-01-12
Freya,2020-01-03,2020-10-05
Charlie,2020-01-03,2020-02-02
Freya,2020-01-04,2020-01-12
Freya,2020-01-01,2020-03-05
Charlie,2020-01-01,2020-02-12
Alice,2020-01-07,2020-01-12
Charlie,2020-01-02,2020-02-12
Hercules,2020-01-07,2020-02-12
Freya,2020-01-01,2020-02-02
David,2020-01-07,2020-02-02
Bob,2020-01-04,2020-10-05
Charlie,2020-01-01,2020-01-12
Freya,2020-01-05,2020-01-12
Hercules,2020-01-07,2020-02-12
Charlie,2020-01-02,2020-01-12
Bob,2020-01-04,2020-01-12
Bob,2020-01-03,2020-02-02
Elsa,2020-01-03,2020-02-02
David,2020-01-03,2020-02-12
David,2020-01-01,2020-01-12
Elsa,2020-01-01,2020-10-05
Alice,2020-01-01,2020-02-02
Gaston,2020-01-02,2020-01-12
Hercules,2020-01-02,2020-02-02
Freya,2020-01-04,2020-03-05
Gaston,2020-01-01,2020-03-05
Bob,2020-01-03,2020-01-12
Freya,2020-01-05,2020-10-05
Alice,2020-01-05,2020-10-05
Gaston,2020-01-02,2020-02-12
Alice,2020-01-07,2020-02-02
Freya,2020-01-04,2020-02-02
David,2020-01-01,2020-02-02
Alice,2020-01-01,2020-02-12
Gaston,2020-01-04,2020-10-05
Freya,2020-01-03,2020-03-05
Hercules,2020-01-02,2020-02-02
David,2020-01-06,2020-03-05
Gaston,2020-01-06,2020-10-05
Charlie,2020-01-06,2020-02-12
Freya,2020-01-04,2020-03-05
Alice,2020-01-06,2020-02-02
Charlie,2020-01-01,2020-02-02
Hercules,2020-01-07,2020-02-02
Elsa,2020-01-05,2020-01-12
Gaston,2020-01-03,2020-01-12
Elsa,2020-01-04,2020-01-12
Alice,2020-01-04,2020-02-12
David,2020-01-03,2020-01-12
Gaston,2020-01-05,2020-02-12
Alice,2020-01-03,2020-03-05
David,2020-01-05,2020-03-05
Gaston,2020-01-07,2020-03-05
Alice,2020-01-02
Elsa,2020-01-03
Freya,2020-01-01
Bob,2020-01-01
Hercules,2020-01-01
Elsa,2020-01-02
Hercules,2020-01-05
Hercules,2020-01-04
Gaston,2020-01-06
Charlie,2020-01-03
Elsa,2020-01-06
Elsa,2020-01-03
Alice,2020-01-04
Freya,2020-01-02
Alice,2020-01-06
Hercules,2020-01-07
Elsa,2020-01-02
Elsa,2020-01-04
Bob,2020-01-02
David,2020-01-05
Alice,2020-01-01
David,2020-01-06
David,2020-01-01
Bob,2020-01-05
Elsa,2020-01-06
Bob,2020-01-04
Alice,2020-01-06
Gaston,2020-01-06
Bob,2020-01-07
Hercules,2020-01-02
Charlie,2020-01-04
Hercules,2020-01-02
Alice,2020-01-03
Elsa,2020-01-07
Alice,2020-01-07
Elsa,2020-01-05
Elsa,2020-01-06
Hercules,2020-01-01
Charlie,2020-01-05
Freya,2020-01-02
Elsa,2020-01-04
Hercules,2020-01-01
Bob,2020-01-03
Alice,2020-01-06
Alice,2020-01-03
Freya,2020-01-05
Elsa,2020-01-07
Hercules,2020-01-01
Gaston,2020-01-07
Bob,2020-01-03
Gaston,2020-01-06
Hercules,2020-01-05
Freya,2020-01-04
Elsa,2020-01-01
David,2020-01-04
Hercules,2020-01-03
Gaston,2020-01-05
Bob,2020-01-07
Elsa,2020-01-04
Elsa,2020-01-04
Alice,2020-01-05
Freya,2020-01-06
Elsa,2020-01-06
Hercules,2020-01-05
Freya,2020-01-01
Hercules,2020-01-07
Bob,2020-01-02
Bob,2020-01-01
Freya,2020-01-02
Charlie,2020-01-04
Alice,2020-01-06
Charlie,2020-01-01
Hercules,2020-01-05
Elsa,2020-01-04
Gaston,2020-01-07
Charlie,2020-01-03
Alice,2020-01-04
Gaston,2020-01-04
Freya,2020-01-05
Charlie,2020-01-04
Elsa,2020-01-07
Gaston,2020-01-03
Hercules,2020-01-03
Freya,2020-01-02
Freya,2020-01-02
Gaston,2020-01-06
Bob,2020-01-07
Bob,2020-01-02
Bob,2020-01-03
Alice,2020-01-02
Alice,2020-01-03
Bob,2020-01-06
Charlie,2020-01-01
Charlie,2020-01-05
Hercules,2020-01-04
Alice,2020-01-03
Alice,2020-01-04
Elsa,2020-01-06
Alice,2020-01-03
Alice,2020-01-01
Charlie,2020-01-01
David,2020-01-06
David,2020-01-02
Elsa,2020-01-04
Freya,2020-01-01
Bob,2020-01-05
Hercules,2020-01-02
Elsa,2020-01-01
Charlie,2020-01-02
Charlie,2020-01-01
Freya,2020-01-03
Alice,2020-01-01
Hercules,2020-01-05
Charlie,2020-01-05
Bob,2020-01-06
Bob,2020-01-06
Alice,2020-01-04
David,2020-01-02
Hercules,2020-01-01
Freya,2020-01-02
Gaston,2020-01-03
Bob,2020-01-02
Elsa,2020-01-04
Hercules,2020-01-03
Freya,2020-01-06
Gaston,2020-01-02
Freya,2020-01-07
Elsa,2020-01-04
Elsa,2020-01-06
David,2020-01-04
Bob,2020-01-03
Alice,2020-01-04
Alice,2020-01-06
Charlie,2020-01-04
Gaston,2020-01-03
Gaston,2020-01-01
Bob,2020-01-07
Alice,2020-01-06
Gaston,2020-01-04
Charlie,2020-01-06
Hercules,2020-01-01
Freya,2020-01-01
David,2020-01-05
Charlie,2020-01-07
Gaston,2020-01-05
Gaston,2020-01-02
Elsa,2020-01-01
Bob,2020-01-04
Alice,2020-01-04
Bob,2020-01-06
Freya,2020-01-02
Hercules,2020-01-06
Alice,2020-01-03
Charlie,2020-01-06
Alice,2020-01-05
Alice,2020-01-02
Bob,2020-01-01
Bob,2020-01-01
Elsa,2020-01-03
David,2020-01-02
David,2020-01-04
Gaston,2020-01-07
Alice,2020-01-07
Elsa,2020-01-04
Bob,2020-01-02
Alice,2020-01-01
Freya,2020-01-06
Hercules,2020-01-01
David,2020-01-07
Freya,2020-01-05
Hercules,2020-01-04
Alice,2020-01-02
Alice,2020-01-01
Hercules,2020-01-02
Charlie,2020-01-04
Hercules,2020-01-03
Alice,2020-01-02
Hercules,2020-01-05
Charlie,2020-01-02
Charlie,2020-01-03
Charlie,2020-01-07
Freya,2020-01-04
Charlie,2020-01-03
David,2020-01-04
Gaston,2020-01-06
Hercules,2020-01-02
Charlie,2020-01-03
Alice,2020-01-07
Freya,2020-01-07
Charlie,2020-01-04
Freya,2020-01-02
Alice,2020-01-05
Hercules,2020-01-07
Bob,2020-01-02
David,2020-01-03
Hercules,2020-01-02
Elsa,2020-01-06
Charlie,2020-01-05
Bob,2020-01-03
Alice,2020-01-03
Alice,2020-01-05
Gaston,2020-01-06
Freya,2020-01-05
Elsa,2020-01-04
Hercules,2020-01-04
Charlie,2020-01-04
David,2020-01-02
Charlie,2020-01-04
Hercules,2020-01-02
Gaston,2020-01-07
Elsa,2020-01-02
Gaston,2020-01-06
Freya,2020-01-02
Elsa,2020-01-04
Elsa,2020-01-02
David,2020-01-04
Elsa,2020-01-02
Charlie,2020-01-07
Freya,2020-01-05
Alice,2020-01-03
Alice,2020-01-05
Hercules,2020-01-02
Bob,2020-01-04
Elsa,2020-01-07
Hercules,2020-01-01
Freya,2020-01-05
David,2020-01-06
Gaston,2020-01-03
Gaston,2020-01-06
David,2020-01-03
Hercules,2020-01-03
Charlie,2020-01-05
David,2020-01-03
Gaston,2020-01-04
Hercules,2020-01-06
Bob,2020-01-07
Alice,2020-01-06
Alice,2020-01-02
Bob,2020-01-03
Hercules,2020-01-03
Gaston,2020-01-05
Bob,2020-01-03
Hercules,2020-01-03
Alice,2020-01-04
Elsa,2020-01-02
David,2020-01-07
Alice,2020-01-02
David,2020-01-02
Freya,2020-01-03
Bob,2020-01-01
